date,sofr,effr,dff,rrp_vol,walcl
2018-01-01,,,1.33,,
2018-01-02,,1.42,1.42,136.967,
2018-01-03,,1.42,1.42,131.622,4443718.0
2018-01-04,,1.42,1.42,76.624,
2018-01-05,,1.42,1.42,63.804,
2018-01-06,,,1.42,,
2018-01-07,,,1.42,,
2018-01-08,,1.42,1.42,63.531,
2018-01-09,,1.42,1.42,56.468,
2018-01-10,,1.42,1.42,57.954,4446062.0
2018-01-11,,1.42,1.42,33.597,
2018-01-12,,1.42,1.42,21.59,
2018-01-13,,,1.42,,
2018-01-14,,,1.42,,
2018-01-15,,,1.42,,
2018-01-16,,1.42,1.42,22.003,
2018-01-17,,1.42,1.42,20.548,4439145.0
2018-01-18,,1.42,1.42,22.804,
2018-01-19,,1.42,1.42,22.196,
2018-01-20,,,1.42,,
2018-01-21,,,1.42,,
2018-01-22,,1.42,1.42,28.706,
2018-01-23,,1.42,1.42,31.791,
2018-01-24,,1.42,1.42,36.371,4441317.0
2018-01-25,,1.42,1.42,19.891,
2018-01-26,,1.42,1.42,21.427,
2018-01-27,,,1.42,,
2018-01-28,,,1.42,,
2018-01-29,,1.42,1.42,23.98,
2018-01-30,,1.42,1.42,31.766,
2018-01-31,,1.34,1.34,65.797,4419225.0
2018-02-01,,1.42,1.42,31.825,
2018-02-02,,1.42,1.42,43.931,
2018-02-03,,,1.42,,
2018-02-04,,,1.42,,
2018-02-05,,1.42,1.42,59.008,
2018-02-06,,1.42,1.42,49.214,
2018-02-07,,1.42,1.42,48.12,4420745.0
2018-02-08,,1.42,1.42,33.272,
2018-02-09,,1.42,1.42,36.567,
2018-02-10,,,1.42,,
2018-02-11,,,1.42,,
2018-02-12,,1.42,1.42,30.631,
2018-02-13,,1.42,1.42,43.137,
2018-02-14,,1.42,1.42,38.518,4434863.0
2018-02-15,,1.42,1.42,29.08,
2018-02-16,,1.42,1.42,29.615,
2018-02-17,,,1.42,,
2018-02-18,,,1.42,,
2018-02-19,,,1.42,,
2018-02-20,,1.42,1.42,32.495,
2018-02-21,,1.42,1.42,45.171,4411660.0
2018-02-22,,1.42,1.42,36.32,
2018-02-23,,1.42,1.42,15.875,
2018-02-24,,,1.42,,
2018-02-25,,,1.42,,
2018-02-26,,1.42,1.42,9.36,
2018-02-27,,1.42,1.42,19.729,
2018-02-28,,1.35,1.35,44.51,4393401.0
2018-03-01,,1.42,1.42,14.334,
2018-03-02,,1.42,1.42,15.642,
2018-03-03,,,1.42,,
2018-03-04,,,1.42,,
2018-03-05,,1.42,1.42,15.23,
2018-03-06,,1.42,1.42,11.205,
2018-03-07,,1.42,1.42,14.295,4396097.0
2018-03-08,,1.42,1.42,6.963,
2018-03-09,,1.42,1.42,3.247,
2018-03-10,,,1.42,,
2018-03-11,,,1.42,,
2018-03-12,,1.42,1.42,1.77,
2018-03-13,,1.42,1.42,2.145,
2018-03-14,,1.42,1.42,4.97,4407258.0
2018-03-15,,1.43,1.43,3.746,
2018-03-16,,1.43,1.43,10.28,
2018-03-17,,,1.43,,
2018-03-18,,,1.43,,
2018-03-19,,1.43,1.43,7.82,
2018-03-20,,1.44,1.44,11.95,
2018-03-21,,1.44,1.44,20.586,4401222.0
2018-03-22,,1.68,1.68,11.592,
2018-03-23,,1.68,1.68,10.45,
2018-03-24,,,1.68,,
2018-03-25,,,1.68,,
2018-03-26,,1.68,1.68,5.921,
2018-03-27,,1.68,1.68,9.62,
2018-03-28,,1.68,1.68,17.898,4392198.0
2018-03-29,,1.68,1.68,,
2018-03-30,,1.67,1.67,,
2018-03-31,,,1.67,,
2018-04-01,,,1.67,,
2018-04-02,,1.68,1.68,3.823,
2018-04-03,1.83,1.69,1.69,8.695,
2018-04-04,1.74,1.69,1.69,4.57,4386104.0
2018-04-05,1.75,1.69,1.69,4.645,
2018-04-06,1.75,1.69,1.69,4.895,
2018-04-07,,,1.69,,
2018-04-08,,,1.69,,
2018-04-09,1.75,1.69,1.69,4.07,
2018-04-10,1.75,1.69,1.69,3.99,
2018-04-11,1.76,1.69,1.69,2.361,4383684.0
2018-04-12,1.73,1.69,1.69,4.12,
2018-04-13,1.72,1.69,1.69,3.471,
2018-04-14,,,1.69,,
2018-04-15,,,1.69,,
2018-04-16,1.77,1.69,1.69,3.372,
2018-04-17,1.76,1.69,1.69,3.971,
2018-04-18,1.75,1.69,1.69,14.021,4385903.0
2018-04-19,1.73,1.69,1.69,13.92,
2018-04-20,1.72,1.7,1.7,12.02,
2018-04-21,,,1.7,,
2018-04-22,,,1.7,,
2018-04-23,1.7,1.7,1.7,10.821,
2018-04-24,1.71,1.7,1.7,9.532,
2018-04-25,1.71,1.7,1.7,3.57,4372886.0
2018-04-26,1.72,1.7,1.7,3.795,
2018-04-27,1.72,1.7,1.7,2.92,
2018-04-28,,,1.7,,
2018-04-29,,,1.7,,
2018-04-30,1.77,1.69,1.69,13.83,
2018-05-01,1.76,1.7,1.7,3.82,
2018-05-02,1.75,1.7,1.7,6.52,4356129.0
2018-05-03,1.74,1.7,1.7,5.775,
2018-05-04,1.72,1.7,1.7,5.415,
2018-05-05,,,1.7,,
2018-05-06,,,1.7,,
2018-05-07,1.71,1.7,1.7,3.22,
2018-05-08,1.72,1.7,1.7,3.921,
2018-05-09,1.72,1.7,1.7,2.72,4358207.0
2018-05-10,1.73,1.7,1.7,4.645,
2018-05-11,1.73,1.7,1.7,3.222,
2018-05-12,,,1.7,,
2018-05-13,,,1.7,,
2018-05-14,1.75,1.7,1.7,3.859,
2018-05-15,1.79,1.7,1.7,2.095,
2018-05-16,1.75,1.7,1.7,2.545,4337609.0
2018-05-17,1.74,1.7,1.7,1.896,
2018-05-18,1.73,1.7,1.7,9.12,
2018-05-19,,,1.7,,
2018-05-20,,,1.7,,
2018-05-21,1.69,1.7,1.7,5.404,
2018-05-22,1.65,1.7,1.7,3.951,
2018-05-23,1.67,1.7,1.7,2.929,4337301.0
2018-05-24,1.74,1.7,1.7,6.62,
2018-05-25,1.73,1.7,1.7,0.02,
2018-05-26,,,1.7,,
2018-05-27,,,1.7,,
2018-05-28,,,1.7,,
2018-05-29,1.72,1.7,1.7,0.88,
2018-05-30,1.72,1.7,1.7,3.92,4327519.0
2018-05-31,1.81,1.7,1.7,21.475,
2018-06-01,1.81,1.7,1.7,12.546,
2018-06-02,,,1.7,,
2018-06-03,,,1.7,,
2018-06-04,1.8,1.7,1.7,11.166,
2018-06-05,1.75,1.7,1.7,6.635,
2018-06-06,1.73,1.7,1.7,16.772,4319191.0
2018-06-07,1.71,1.7,1.7,5.771,
2018-06-08,1.69,1.7,1.7,2.771,
2018-06-09,,,1.7,,
2018-06-10,,,1.7,,
2018-06-11,1.69,1.7,1.7,4.836,
2018-06-12,1.67,1.7,1.7,1.308,
2018-06-13,1.71,1.7,1.7,3.025,4324906.0
2018-06-14,1.9,1.9,1.9,2.935,
2018-06-15,1.91,1.9,1.9,0.27,
2018-06-16,,,1.9,,
2018-06-17,,,1.9,,
2018-06-18,1.9,1.9,1.9,0.37,
2018-06-19,1.88,1.91,1.91,0.195,
2018-06-20,1.87,1.92,1.92,0.32,4315896.0
2018-06-21,1.87,1.92,1.92,1.37,
2018-06-22,1.92,1.92,1.92,1.43,
2018-06-23,,,1.92,,
2018-06-24,,,1.92,,
2018-06-25,1.91,1.92,1.92,12.73,
2018-06-26,1.9,1.92,1.92,10.385,
2018-06-27,1.9,1.91,1.91,20.68,4305491.0
2018-06-28,1.93,1.91,1.91,20.419,
2018-06-29,2.12,1.91,1.91,96.97,
2018-06-30,,,1.91,,
2018-07-01,,,1.91,,
2018-07-02,2.04,1.91,1.91,32.139,
2018-07-03,2.0,1.91,1.91,4.852,
2018-07-04,,,1.91,,4289764.0
2018-07-05,1.97,1.91,1.91,8.205,
2018-07-06,1.93,1.91,1.91,4.195,
2018-07-07,,,1.91,,
2018-07-08,,,1.91,,
2018-07-09,1.89,1.91,1.91,3.596,
2018-07-10,1.89,1.91,1.91,1.955,
2018-07-11,1.89,1.91,1.91,1.23,4291201.0
2018-07-12,1.9,1.91,1.91,2.455,
2018-07-13,1.9,1.91,1.91,0.871,
2018-07-14,,,1.91,,
2018-07-15,,,1.91,,
2018-07-16,1.95,1.91,1.91,0.87,
2018-07-17,1.92,1.91,1.91,1.22,
2018-07-18,1.9,1.91,1.91,6.021,4291615.0
2018-07-19,1.9,1.91,1.91,3.62,
2018-07-20,1.88,1.91,1.91,1.17,
2018-07-21,,,1.91,,
2018-07-22,,,1.91,,
2018-07-23,1.87,1.91,1.91,2.27,
2018-07-24,1.9,1.91,1.91,4.895,
2018-07-25,1.87,1.91,1.91,0.72,4277681.0
2018-07-26,1.9,1.91,1.91,1.571,
2018-07-27,1.88,1.91,1.91,1.47,
2018-07-28,,,1.91,,
2018-07-29,,,1.91,,
2018-07-30,1.88,1.91,1.91,1.995,
2018-07-31,1.93,1.91,1.91,9.045,
2018-08-01,1.88,1.91,1.91,0.795,4255653.0
2018-08-02,1.91,1.91,1.91,1.817,
2018-08-03,1.86,1.91,1.91,1.673,
2018-08-04,,,1.91,,
2018-08-05,,,1.91,,
2018-08-06,1.86,1.91,1.91,2.095,
2018-08-07,1.87,1.91,1.91,2.337,
2018-08-08,1.88,1.91,1.91,1.659,4258030.0
2018-08-09,1.91,1.91,1.91,1.745,
2018-08-10,1.9,1.91,1.91,2.47,
2018-08-11,,,1.91,,
2018-08-12,,,1.91,,
2018-08-13,1.91,1.91,1.91,1.383,
2018-08-14,1.93,1.91,1.91,0.685,
2018-08-15,1.98,1.91,1.91,0.315,4228924.0
2018-08-16,1.99,1.92,1.92,0.532,
2018-08-17,1.9,1.92,1.92,4.016,
2018-08-18,,,1.92,,
2018-08-19,,,1.92,,
2018-08-20,1.9,1.92,1.92,1.646,
2018-08-21,1.9,1.92,1.92,1.466,
2018-08-22,1.9,1.92,1.92,1.126,4228818.0
2018-08-23,1.94,1.92,1.92,2.416,
2018-08-24,1.95,1.92,1.92,4.665,
2018-08-25,,,1.92,,
2018-08-26,,,1.92,,
2018-08-27,1.95,1.92,1.92,0.996,
2018-08-28,1.95,1.92,1.92,1.415,
2018-08-29,1.93,1.92,1.92,0.84,4218914.0
2018-08-30,1.93,1.92,1.92,0.985,
2018-08-31,1.97,1.91,1.91,0.39,
2018-09-01,,,1.91,,
2018-09-02,,,1.91,,
2018-09-03,,,1.91,,
2018-09-04,1.95,1.92,1.92,0.595,
2018-09-05,1.95,1.92,1.92,0.01,4208496.0
2018-09-06,1.94,1.92,1.92,0.815,
2018-09-07,1.94,1.92,1.92,0.015,
2018-09-08,,,1.92,,
2018-09-09,,,1.92,,
2018-09-10,1.94,1.92,1.92,0.015,
2018-09-11,1.94,1.92,1.92,1.241,
2018-09-12,1.94,1.92,1.92,1.315,4210812.0
2018-09-13,1.94,1.92,1.92,1.791,
2018-09-14,1.95,1.92,1.92,1.315,
2018-09-15,,,1.92,,
2018-09-16,,,1.92,,
2018-09-17,2.0,1.92,1.92,0.715,
2018-09-18,1.94,1.92,1.92,10.115,
2018-09-19,1.92,1.92,1.92,8.915,4208059.0
2018-09-20,1.92,1.92,1.92,17.868,
2018-09-21,1.92,1.92,1.92,17.465,
2018-09-22,,,1.92,,
2018-09-23,,,1.92,,
2018-09-24,1.95,1.93,1.93,9.34,
2018-09-25,1.93,1.93,1.93,3.44,
2018-09-26,1.92,1.93,1.93,5.625,4192909.0
2018-09-27,2.16,2.18,2.18,30.056,
2018-09-28,2.25,2.18,2.18,48.43,
2018-09-29,,,2.18,,
2018-09-30,,,2.18,,
2018-10-01,2.22,2.18,2.18,4.185,
2018-10-02,2.2,2.18,2.18,3.295,
2018-10-03,2.2,2.18,2.18,2.954,4174704.0
2018-10-04,2.18,2.18,2.18,3.265,
2018-10-05,2.16,2.18,2.18,1.565,
2018-10-06,,,2.18,,
2018-10-07,,,2.18,,
2018-10-08,,,2.18,,
2018-10-09,2.15,2.18,2.18,2.39,
2018-10-10,2.15,2.18,2.18,2.39,4176906.0
2018-10-11,2.17,2.18,2.18,2.016,
2018-10-12,2.18,2.18,2.18,0.96,
2018-10-13,,,2.18,,
2018-10-14,,,2.18,,
2018-10-15,2.21,2.18,2.18,0.366,
2018-10-16,2.18,2.18,2.18,0.466,
2018-10-17,2.18,2.19,2.19,0.174,4175446.0
2018-10-18,2.19,2.19,2.19,10.29,
2018-10-19,2.19,2.19,2.19,3.916,
2018-10-20,,,2.19,,
2018-10-21,,,2.19,,
2018-10-22,2.18,2.19,2.19,3.189,
2018-10-23,2.17,2.2,2.2,4.466,
2018-10-24,2.18,2.2,2.2,6.444,4173070.0
2018-10-25,2.19,2.2,2.2,1.944,
2018-10-26,2.19,2.2,2.2,2.004,
2018-10-27,,,2.2,,
2018-10-28,,,2.2,,
2018-10-29,2.18,2.2,2.2,1.748,
2018-10-30,2.18,2.2,2.2,0.715,
2018-10-31,2.22,2.2,2.2,4.815,4139731.0
2018-11-01,2.22,2.2,2.2,4.64,
2018-11-02,2.25,2.19,2.19,1.51,
2018-11-03,,,2.19,,
2018-11-04,,,2.19,,
2018-11-05,2.24,2.2,2.2,1.465,
2018-11-06,2.22,2.2,2.2,2.54,
2018-11-07,2.18,2.2,2.2,1.875,4141936.0
2018-11-08,2.21,2.2,2.2,1.166,
2018-11-09,2.2,2.19,2.19,0.401,
2018-11-10,,,2.19,,
2018-11-11,,,2.19,,
2018-11-12,,,2.19,,
2018-11-13,2.2,2.2,2.2,1.065,
2018-11-14,2.2,2.2,2.2,0.66,4145892.0
2018-11-15,2.28,2.2,2.2,0.494,
2018-11-16,2.26,2.2,2.2,18.565,
2018-11-17,,,2.2,,
2018-11-18,,,2.2,,
2018-11-19,2.24,2.2,2.2,16.295,
2018-11-20,2.2,2.2,2.2,15.235,
2018-11-21,2.18,2.2,2.2,16.205,4106198.0
2018-11-22,,,2.2,,
2018-11-23,2.23,2.2,2.2,13.105,
2018-11-24,,,2.2,,
2018-11-25,,,2.2,,
2018-11-26,2.2,2.2,2.2,0.615,
2018-11-27,2.19,2.2,2.2,0.44,
2018-11-28,2.19,2.2,2.2,1.464,4097170.0
2018-11-29,2.24,2.2,2.2,1.814,
2018-11-30,2.28,2.2,2.2,2.49,
2018-12-01,,,2.2,,
2018-12-02,,,2.2,,
2018-12-03,2.23,2.19,2.19,2.21,
2018-12-04,2.27,2.2,2.2,,
2018-12-05,,2.2,2.2,,4086044.0
2018-12-06,2.34,2.2,2.2,3.36,
2018-12-07,2.3,2.19,2.19,5.635,
2018-12-08,,,2.19,,
2018-12-09,,,2.19,,
2018-12-10,2.22,2.2,2.2,1.424,
2018-12-11,2.19,2.19,2.19,0.352,
2018-12-12,2.2,2.19,2.19,0.461,4088314.0
2018-12-13,2.21,2.19,2.19,0.415,
2018-12-14,2.21,2.19,2.19,0.315,
2018-12-15,,,2.19,,
2018-12-16,,,2.19,,
2018-12-17,2.31,2.2,2.2,0.415,
2018-12-18,2.32,2.2,2.2,6.216,
2018-12-19,2.3,2.2,2.2,5.982,4084274.0
2018-12-20,2.41,2.4,2.4,9.521,
2018-12-21,2.4,2.4,2.4,8.805,
2018-12-22,,,2.4,,
2018-12-23,,,2.4,,
2018-12-24,2.41,2.4,2.4,7.96,
2018-12-25,,,2.4,,
2018-12-26,2.44,2.4,2.4,1.005,4075636.0
2018-12-27,2.44,2.4,2.4,3.1,
2018-12-28,2.46,2.4,2.4,3.21,
2018-12-29,,,2.4,,
2018-12-30,,,2.4,,
2018-12-31,3.0,2.4,2.4,41.848,
2019-01-01,,,2.4,,
2019-01-02,3.15,2.4,2.4,19.481,4058378.0
2019-01-03,2.7,2.4,2.4,7.198,
2019-01-04,2.45,2.4,2.4,2.86,
2019-01-05,,,2.4,,
2019-01-06,,,2.4,,
2019-01-07,2.41,2.4,2.4,2.786,
2019-01-08,2.42,2.4,2.4,2.811,
2019-01-09,2.45,2.4,2.4,2.537,4056563.0
2019-01-10,2.43,2.4,2.4,2.216,
2019-01-11,2.41,2.4,2.4,2.016,
2019-01-12,,,2.4,,
2019-01-13,,,2.4,,
2019-01-14,2.4,2.4,2.4,1.205,
2019-01-15,2.46,2.4,2.4,2.016,
2019-01-16,2.43,2.4,2.4,1.316,4050044.0
2019-01-17,2.41,2.4,2.4,2.065,
2019-01-18,2.42,2.4,2.4,13.165,
2019-01-19,,,2.4,,
2019-01-20,,,2.4,,
2019-01-21,,,2.4,,
2019-01-22,2.41,2.4,2.4,10.465,
2019-01-23,2.4,2.4,2.4,11.415,4047052.0
2019-01-24,2.41,2.4,2.4,15.06,
2019-01-25,2.4,2.4,2.4,1.515,
2019-01-26,,,2.4,,
2019-01-27,,,2.4,,
2019-01-28,2.39,2.4,2.4,1.265,
2019-01-29,2.4,2.4,2.4,1.84,
2019-01-30,2.39,2.4,2.4,0.99,4039678.0
2019-01-31,2.58,2.4,2.4,1.051,
2019-02-01,2.47,2.4,2.4,0.665,
2019-02-02,,,2.4,,
2019-02-03,,,2.4,,
2019-02-04,2.4,2.4,2.4,4.515,
2019-02-05,2.4,2.4,2.4,1.686,
2019-02-06,2.38,2.4,2.4,1.926,4026350.0
2019-02-07,2.38,2.4,2.4,2.32,
2019-02-08,2.37,2.4,2.4,2.016,
2019-02-09,,,2.4,,
2019-02-10,,,2.4,,
2019-02-11,2.4,2.4,2.4,2.006,
2019-02-12,2.39,2.4,2.4,1.658,
2019-02-13,2.38,2.4,2.4,1.697,4028431.0
2019-02-14,2.39,2.4,2.4,1.341,
2019-02-15,2.43,2.4,2.4,5.271,
2019-02-16,,,2.4,,
2019-02-17,,,2.4,,
2019-02-18,,,2.4,,
2019-02-19,2.4,2.4,2.4,1.967,
2019-02-20,2.39,2.4,2.4,2.275,3981420.0
2019-02-21,2.39,2.4,2.4,1.725,
2019-02-22,2.4,2.4,2.4,6.665,
2019-02-23,,,2.4,,
2019-02-24,,,2.4,,
2019-02-25,2.38,2.4,2.4,1.375,
2019-02-26,2.38,2.4,2.4,1.815,
2019-02-27,2.37,2.4,2.4,1.915,3974590.0
2019-02-28,2.58,2.4,2.4,3.415,
2019-03-01,2.38,2.4,2.4,2.015,
2019-03-02,,,2.4,,
2019-03-03,,,2.4,,
2019-03-04,2.38,2.4,2.4,2.917,
2019-03-05,2.38,2.4,2.4,3.119,
2019-03-06,2.38,2.4,2.4,2.115,3969134.0
2019-03-07,2.38,2.4,2.4,0.717,
2019-03-08,2.39,2.4,2.4,0.015,
2019-03-09,,,2.4,,
2019-03-10,,,2.4,,
2019-03-11,2.38,2.4,2.4,0.019,
2019-03-12,2.39,2.4,2.4,0.027,
2019-03-13,2.4,2.4,2.4,0.016,3971559.0
2019-03-14,2.42,2.4,2.4,0.019,
2019-03-15,2.46,2.4,2.4,0.015,
2019-03-16,,,2.4,,
2019-03-17,,,2.4,,
2019-03-18,2.41,2.4,2.4,3.169,
2019-03-19,2.42,2.4,2.4,2.515,
2019-03-20,2.47,2.41,2.41,0.617,3962748.0
2019-03-21,2.44,2.41,2.41,0.411,
2019-03-22,2.4,2.41,2.41,5.016,
2019-03-23,,,2.41,,
2019-03-24,,,2.41,,
2019-03-25,2.4,2.4,2.4,0.129,
2019-03-26,2.4,2.4,2.4,0.566,
2019-03-27,2.4,2.41,2.41,0.166,3955617.0
2019-03-28,2.43,2.41,2.41,0.515,
2019-03-29,2.65,2.43,2.43,0.731,
2019-03-30,,,2.43,,
2019-03-31,,,2.43,,
2019-04-01,2.46,2.41,2.41,0.011,
2019-04-02,2.46,2.41,2.41,0.019,
2019-04-03,2.47,2.41,2.41,0.016,3935509.0
2019-04-04,2.46,2.41,2.41,0.615,
2019-04-05,2.46,2.41,2.41,0.015,
2019-04-06,,,2.41,,
2019-04-07,,,2.41,,
2019-04-08,2.46,2.41,2.41,0.284,
2019-04-09,2.45,2.41,2.41,0.41,
2019-04-10,2.45,2.41,2.41,2.731,3936784.0
2019-04-11,2.44,2.41,2.41,0.122,
2019-04-12,2.44,2.41,2.41,0.016,
2019-04-13,,,2.41,,
2019-04-14,,,2.41,,
2019-04-15,2.47,2.41,2.41,0.018,
2019-04-16,2.47,2.41,2.41,0.7,
2019-04-17,2.5,2.42,2.42,0.015,3931827.0
2019-04-18,2.5,2.43,2.43,,
2019-04-19,,2.44,2.44,,
2019-04-20,,,2.44,,
2019-04-21,,,2.44,,
2019-04-22,2.46,2.44,2.44,1.117,
2019-04-23,2.46,2.44,2.44,5.69,
2019-04-24,2.44,2.44,2.44,9.515,3928273.0
2019-04-25,2.45,2.44,2.44,0.61,
2019-04-26,2.46,2.44,2.44,0.915,
2019-04-27,,,2.44,,
2019-04-28,,,2.44,,
2019-04-29,2.48,2.45,2.45,0.615,
2019-04-30,2.76,2.45,2.45,0.015,
2019-05-01,2.54,2.45,2.45,0.027,3889691.0
2019-05-02,2.5,2.41,2.41,0.023,
2019-05-03,2.43,2.4,2.4,0.01,
2019-05-04,,,2.4,,
2019-05-05,,,2.4,,
2019-05-06,2.42,2.4,2.4,0.067,
2019-05-07,2.44,2.4,2.4,0.961,
2019-05-08,2.43,2.39,2.39,0.021,3892216.0
2019-05-09,2.41,2.38,2.38,0.516,
2019-05-10,2.4,2.38,2.38,0.271,
2019-05-11,,,2.38,,
2019-05-12,,,2.38,,
2019-05-13,2.38,2.38,2.38,0.111,
2019-05-14,2.39,2.38,2.38,1.37,
2019-05-15,2.48,2.4,2.4,0.46,3864749.0
2019-05-16,2.43,2.39,2.39,1.75,
2019-05-17,2.42,2.39,2.39,9.7,
2019-05-18,,,2.39,,
2019-05-19,,,2.39,,
2019-05-20,2.39,2.39,2.39,8.105,
2019-05-21,2.38,2.39,2.39,3.705,
2019-05-22,2.37,2.38,2.38,3.751,3860435.0
2019-05-23,2.37,2.38,2.38,4.93,
2019-05-24,2.37,2.38,2.38,5.956,
2019-05-25,,,2.38,,
2019-05-26,,,2.38,,
2019-05-27,,,2.38,,
2019-05-28,2.41,2.39,2.39,1.52,
2019-05-29,2.4,2.39,2.39,2.226,3851444.0
2019-05-30,2.4,2.39,2.39,1.026,
2019-05-31,2.49,2.4,2.4,0.855,
2019-06-01,,,2.4,,
2019-06-02,,,2.4,,
2019-06-03,2.4,2.38,2.38,1.255,
2019-06-04,2.39,2.38,2.38,1.891,
2019-06-05,2.4,2.38,2.38,2.255,3847645.0
2019-06-06,2.4,2.37,2.37,2.21,
2019-06-07,2.39,2.37,2.37,1.91,
2019-06-08,,,2.37,,
2019-06-09,,,2.37,,
2019-06-10,2.39,2.37,2.37,2.105,
2019-06-11,2.38,2.37,2.37,1.007,
2019-06-12,2.37,2.37,2.37,1.705,3849955.0
2019-06-13,2.35,2.37,2.37,1.655,
2019-06-14,2.35,2.36,2.36,1.657,
2019-06-15,,,2.36,,
2019-06-16,,,2.36,,
2019-06-17,2.41,2.38,2.38,2.269,
2019-06-18,2.39,2.37,2.37,18.006,
2019-06-19,2.36,2.37,2.37,22.357,3844016.0
2019-06-20,2.36,2.37,2.37,27.43,
2019-06-21,2.37,2.38,2.38,21.355,
2019-06-22,,,2.38,,
2019-06-23,,,2.38,,
2019-06-24,2.39,2.38,2.38,11.156,
2019-06-25,2.41,2.38,2.38,6.4,
2019-06-26,2.43,2.38,2.38,7.784,3826817.0
2019-06-27,2.42,2.38,2.38,16.794,
2019-06-28,2.5,2.4,2.4,44.307,
2019-06-29,,,2.4,,
2019-06-30,,,2.4,,
2019-07-01,2.42,2.39,2.39,15.837,
2019-07-02,2.51,2.4,2.4,8.16,
2019-07-03,2.56,2.41,2.41,6.849,3813198.0
2019-07-04,,,2.41,,
2019-07-05,2.59,2.42,2.42,6.155,
2019-07-06,,,2.42,,
2019-07-07,,,2.42,,
2019-07-08,2.48,2.41,2.41,6.5,
2019-07-09,2.45,2.41,2.41,6.576,
2019-07-10,2.46,2.41,2.41,6.252,3815038.0
2019-07-11,2.41,2.4,2.4,4.95,
2019-07-12,2.36,2.38,2.38,5.15,
2019-07-13,,,2.38,,
2019-07-14,,,2.38,,
2019-07-15,2.46,2.4,2.4,5.557,
2019-07-16,2.47,2.41,2.41,3.007,
2019-07-17,2.47,2.41,2.41,1.96,3808110.0
2019-07-18,2.46,2.41,2.41,16.662,
2019-07-19,2.41,2.41,2.41,14.255,
2019-07-20,,,2.41,,
2019-07-21,,,2.41,,
2019-07-22,2.4,2.4,2.4,14.16,
2019-07-23,2.4,2.4,2.4,14.755,
2019-07-24,2.41,2.4,2.4,8.255,3803436.0
2019-07-25,2.42,2.4,2.4,3.355,
2019-07-26,2.41,2.4,2.4,3.25,
2019-07-27,,,2.4,,
2019-07-28,,,2.4,,
2019-07-29,2.4,2.4,2.4,3.928,
2019-07-30,2.39,2.39,2.39,2.306,
2019-07-31,2.55,2.4,2.4,7.367,3779102.0
2019-08-01,2.19,2.14,2.14,6.044,
2019-08-02,2.19,2.14,2.14,3.335,
2019-08-03,,,2.14,,
2019-08-04,,,2.14,,
2019-08-05,2.13,2.13,2.13,3.474,
2019-08-06,2.11,2.13,2.13,3.41,
2019-08-07,2.1,2.12,2.12,3.622,3781543.0
2019-08-08,2.09,2.12,2.12,3.056,
2019-08-09,2.11,2.12,2.12,2.72,
2019-08-10,,,2.12,,
2019-08-11,,,2.12,,
2019-08-12,2.12,2.12,2.12,5.43,
2019-08-13,2.16,2.12,2.12,5.001,
2019-08-14,2.13,2.12,2.12,2.744,3786018.0
2019-08-15,2.18,2.13,2.13,3.51,
2019-08-16,2.13,2.13,2.13,11.843,
2019-08-17,,,2.13,,
2019-08-18,,,2.13,,
2019-08-19,2.11,2.13,2.13,13.403,
2019-08-20,2.13,2.13,2.13,15.98,
2019-08-21,2.1,2.12,2.12,15.153,3764866.0
2019-08-22,2.09,2.12,2.12,14.611,
2019-08-23,2.1,2.12,2.12,9.046,
2019-08-24,,,2.12,,
2019-08-25,,,2.12,,
2019-08-26,2.1,2.12,2.12,3.676,
2019-08-27,2.15,2.12,2.12,1.555,
2019-08-28,2.12,2.12,2.12,4.255,3759946.0
2019-08-29,2.12,2.12,2.12,0.102,
2019-08-30,2.16,2.13,2.13,12.089,
2019-08-31,,,2.13,,
2019-09-01,,,2.13,,
2019-09-02,,,2.13,,
2019-09-03,2.17,2.13,2.13,1.754,
2019-09-04,2.21,2.13,2.13,1.425,3761508.0
2019-09-05,2.21,2.13,2.13,1.075,
2019-09-06,2.15,2.12,2.12,0.88,
2019-09-07,,,2.12,,
2019-09-08,,,2.12,,
2019-09-09,2.12,2.13,2.13,2.787,
2019-09-10,2.14,2.13,2.13,3.608,
2019-09-11,2.15,2.13,2.13,3.612,3769673.0
2019-09-12,2.2,2.13,2.13,3.469,
2019-09-13,2.2,2.14,2.14,2.675,
2019-09-14,,,2.14,,
2019-09-15,,,2.14,,
2019-09-16,2.43,2.25,2.25,2.202,
2019-09-17,5.25,2.3,2.3,1.825,
2019-09-18,2.55,2.25,2.25,18.91,3844695.0
2019-09-19,1.95,1.9,1.9,5.004,
2019-09-20,1.86,1.9,1.9,7.552,
2019-09-21,,,1.9,,
2019-09-22,,,1.9,,
2019-09-23,1.85,1.9,1.9,7.485,
2019-09-24,1.96,1.9,1.9,0.101,
2019-09-25,2.01,1.9,1.9,0.133,3857715.0
2019-09-26,1.85,1.85,1.85,5.18,
2019-09-27,1.82,1.83,1.83,5.33,
2019-09-28,,,1.83,,
2019-09-29,,,1.83,,
2019-09-30,2.35,1.9,1.9,7.057,
2019-10-01,1.88,1.88,1.88,2.706,
2019-10-02,1.85,1.85,1.85,3.054,3945831.0
2019-10-03,1.84,1.83,1.83,3.297,
2019-10-04,1.82,1.82,1.82,5.325,
2019-10-05,,,1.82,,
2019-10-06,,,1.82,,
2019-10-07,1.83,1.82,1.82,5.65,
2019-10-08,1.85,1.82,1.82,3.976,
2019-10-09,1.85,1.82,1.82,1.469,3949955.0
2019-10-10,1.85,1.82,1.82,1.1,
2019-10-11,1.85,1.82,1.82,2.95,
2019-10-12,,,1.82,,
2019-10-13,,,1.82,,
2019-10-14,,,1.82,,
2019-10-15,2.0,1.9,1.9,1.726,
2019-10-16,2.05,1.9,1.9,1.803,3966471.0
2019-10-17,1.95,1.85,1.85,1.001,
2019-10-18,1.88,1.85,1.85,20.1,
2019-10-19,,,1.85,,
2019-10-20,,,1.85,,
2019-10-21,1.86,1.85,1.85,18.758,
2019-10-22,1.87,1.85,1.85,20.7,
2019-10-23,1.87,1.85,1.85,18.29,3968700.0
2019-10-24,1.86,1.85,1.85,0.425,
2019-10-25,1.84,1.83,1.83,0.005,
2019-10-26,,,1.83,,
2019-10-27,,,1.83,,
2019-10-28,1.82,1.83,1.83,0.036,
2019-10-29,1.81,1.82,1.82,0.081,
2019-10-30,1.82,1.82,1.82,0.196,4019823.0
2019-10-31,1.76,1.58,1.58,2.851,
2019-11-01,1.58,1.57,1.57,2.1,
2019-11-02,,,1.57,,
2019-11-03,,,1.57,,
2019-11-04,1.56,1.56,1.56,3.085,
2019-11-05,1.58,1.56,1.56,1.836,
2019-11-06,1.57,1.55,1.55,1.65,4039443.0
2019-11-07,1.56,1.55,1.55,1.055,
2019-11-08,1.56,1.55,1.55,0.805,
2019-11-09,,,1.55,,
2019-11-10,,,1.55,,
2019-11-11,,,1.55,,
2019-11-12,1.57,1.55,1.55,1.301,
2019-11-13,1.57,1.55,1.55,1.762,4047882.0
2019-11-14,1.58,1.55,1.55,1.867,
2019-11-15,1.59,1.55,1.55,0.002,
2019-11-16,,,1.55,,
2019-11-17,,,1.55,,
2019-11-18,1.56,1.55,1.55,27.055,
2019-11-19,1.57,1.55,1.55,26.726,
2019-11-20,1.57,1.55,1.55,26.026,4030249.0
2019-11-21,1.58,1.55,1.55,25.719,
2019-11-22,1.58,1.55,1.55,0.375,
2019-11-23,,,1.55,,
2019-11-24,,,1.55,,
2019-11-25,1.56,1.55,1.55,0.0,
2019-11-26,1.54,1.55,1.55,2.205,
2019-11-27,1.55,1.55,1.55,0.506,4052875.0
2019-11-28,,,1.55,,
2019-11-29,1.65,1.56,1.56,0.75,
2019-11-30,,,1.56,,
2019-12-01,,,1.56,,
2019-12-02,1.63,1.56,1.56,0.015,
2019-12-03,1.55,1.55,1.55,0.151,
2019-12-04,1.54,1.55,1.55,0.0,4065696.0
2019-12-05,1.55,1.55,1.55,0.001,
2019-12-06,1.55,1.55,1.55,1.0,
2019-12-07,,,1.55,,
2019-12-08,,,1.55,,
2019-12-09,1.56,1.55,1.55,0.115,
2019-12-10,1.55,1.55,1.55,0.001,
2019-12-11,1.54,1.55,1.55,0.605,4095491.0
2019-12-12,1.53,1.55,1.55,0.6,
2019-12-13,1.54,1.55,1.55,0.0,
2019-12-14,,,1.55,,
2019-12-15,,,1.55,,
2019-12-16,1.62,1.56,1.56,1.328,
2019-12-17,1.54,1.55,1.55,0.826,
2019-12-18,1.53,1.55,1.55,13.362,4137052.0
2019-12-19,1.53,1.55,1.55,8.936,
2019-12-20,1.53,1.55,1.55,13.051,
2019-12-21,,,1.55,,
2019-12-22,,,1.55,,
2019-12-23,1.52,1.55,1.55,7.652,
2019-12-24,1.52,1.55,1.55,4.423,
2019-12-25,,,1.55,,4165591.0
2019-12-26,1.52,1.55,1.55,3.192,
2019-12-27,1.53,1.55,1.55,0.825,
2019-12-28,,,1.55,,
2019-12-29,,,1.55,,
2019-12-30,1.54,1.55,1.55,6.525,
2019-12-31,1.55,1.55,1.55,64.087,
2020-01-01,,,1.55,,4173626.0
2020-01-02,1.54,1.55,1.55,3.1,
2020-01-03,1.55,1.55,1.55,4.251,
2020-01-04,,,1.55,,
2020-01-05,,,1.55,,
2020-01-06,1.55,1.55,1.55,3.825,
2020-01-07,1.56,1.55,1.55,1.602,
2020-01-08,1.55,1.55,1.55,0.876,4149544.0
2020-01-09,1.55,1.55,1.55,0.401,
2020-01-10,1.55,1.54,1.54,0.627,
2020-01-11,,,1.54,,
2020-01-12,,,1.54,,
2020-01-13,1.54,1.54,1.54,1.0,
2020-01-14,1.55,1.54,1.54,0.656,
2020-01-15,1.56,1.54,1.54,0.675,4175850.0
2020-01-16,1.55,1.54,1.54,0.3,
2020-01-17,1.54,1.55,1.55,16.15,
2020-01-18,,,1.55,,
2020-01-19,,,1.55,,
2020-01-20,,,1.55,,
2020-01-21,1.54,1.55,1.55,13.381,
2020-01-22,1.54,1.55,1.55,15.604,4145912.0
2020-01-23,1.54,1.55,1.55,12.904,
2020-01-24,1.53,1.55,1.55,0.0,
2020-01-25,,,1.55,,
2020-01-26,,,1.55,,
2020-01-27,1.53,1.55,1.55,0.002,
2020-01-28,1.53,1.55,1.55,0.002,
2020-01-29,1.53,1.55,1.55,0.3,4151630.0
2020-01-30,1.58,1.6,1.6,4.14,
2020-01-31,1.6,1.59,1.59,4.5,
2020-02-01,,,1.59,,
2020-02-02,,,1.59,,
2020-02-03,1.59,1.59,1.59,6.16,
2020-02-04,1.6,1.59,1.59,2.112,
2020-02-05,1.59,1.59,1.59,4.112,4166707.0
2020-02-06,1.59,1.59,1.59,0.403,
2020-02-07,1.58,1.58,1.58,1.1,
2020-02-08,,,1.58,,
2020-02-09,,,1.58,,
2020-02-10,1.58,1.58,1.58,0.83,
2020-02-11,1.58,1.58,1.58,0.228,
2020-02-12,1.57,1.58,1.58,0.309,4182689.0
2020-02-13,1.57,1.58,1.58,0.45,
2020-02-14,1.58,1.58,1.58,0.0,
2020-02-15,,,1.58,,
2020-02-16,,,1.58,,
2020-02-17,,,1.58,,
2020-02-18,1.6,1.59,1.59,9.454,
2020-02-19,1.59,1.59,1.59,0.095,4171570.0
2020-02-20,1.6,1.59,1.59,3.6,
2020-02-21,1.58,1.58,1.58,4.532,
2020-02-22,,,1.58,,
2020-02-23,,,1.58,,
2020-02-24,1.58,1.58,1.58,0.592,
2020-02-25,1.59,1.58,1.58,0.111,
2020-02-26,1.58,1.58,1.58,2.3,4158637.0
2020-02-27,1.58,1.58,1.58,0.275,
2020-02-28,1.6,1.58,1.58,2.187,
2020-02-29,,,1.58,,
2020-03-01,,,1.58,,
2020-03-02,1.59,1.59,1.59,2.525,
2020-03-03,1.64,1.59,1.59,0.627,
2020-03-04,1.23,1.09,1.09,5.025,4241507.0
2020-03-05,1.12,1.09,1.09,0.85,
2020-03-06,1.1,1.09,1.09,2.93,
2020-03-07,,,1.09,,
2020-03-08,,,1.09,,
2020-03-09,1.09,1.09,1.09,2.504,
2020-03-10,1.11,1.09,1.09,0.151,
2020-03-11,1.15,1.09,1.09,1.325,4311911.0
2020-03-12,1.2,1.1,1.1,21.05,
2020-03-13,1.1,1.1,1.1,15.1,
2020-03-14,,,1.1,,
2020-03-15,,,1.1,,
2020-03-16,0.26,0.25,0.25,1.425,
2020-03-17,0.54,0.25,0.25,5.7,
2020-03-18,0.1,0.25,0.25,0.477,4668212.0
2020-03-19,0.06,0.2,0.2,1.195,
2020-03-20,0.04,0.15,0.15,12.203,
2020-03-21,,,0.15,,
2020-03-22,,,0.15,,
2020-03-23,0.02,0.15,0.15,26.944,
2020-03-24,0.01,0.12,0.12,41.516,
2020-03-25,0.01,0.1,0.1,97.411,5254278.0
2020-03-26,0.01,0.1,0.1,138.48,
2020-03-27,0.01,0.1,0.1,210.794,
2020-03-28,,,0.1,,
2020-03-29,,,0.1,,
2020-03-30,0.01,0.09,0.09,237.497,
2020-03-31,0.01,0.08,0.08,284.908,
2020-04-01,0.01,0.06,0.06,207.828,5811607.0
2020-04-02,0.01,0.05,0.05,182.627,
2020-04-03,0.01,0.05,0.05,148.117,
2020-04-04,,,0.05,,
2020-04-05,,,0.05,,
2020-04-06,0.01,0.05,0.05,144.294,
2020-04-07,0.01,0.05,0.05,88.36,
2020-04-08,0.01,0.05,0.05,53.483,6083141.0
2020-04-09,0.01,0.05,0.05,5.525,
2020-04-10,,0.05,0.05,,
2020-04-11,,,0.05,,
2020-04-12,,,0.05,,
2020-04-13,0.02,0.05,0.05,6.1,
2020-04-14,0.06,0.05,0.05,9.9,
2020-04-15,0.03,0.05,0.05,3.15,6367887.0
2020-04-16,0.03,0.05,0.05,1.525,
2020-04-17,0.03,0.05,0.05,1.726,
2020-04-18,,,0.05,,
2020-04-19,,,0.05,,
2020-04-20,0.02,0.05,0.05,31.0,
2020-04-21,0.01,0.05,0.05,12.528,
2020-04-22,0.01,0.05,0.05,10.825,6573136.0
2020-04-23,0.01,0.04,0.04,1.45,
2020-04-24,0.03,0.05,0.05,1.5,
2020-04-25,,,0.05,,
2020-04-26,,,0.05,,
2020-04-27,0.03,0.04,0.04,16.476,
2020-04-28,0.01,0.04,0.04,7.131,
2020-04-29,0.01,0.04,0.04,1.45,6655929.0
2020-04-30,0.04,0.05,0.05,1.775,
2020-05-01,0.03,0.05,0.05,0.251,
2020-05-02,,,0.05,,
2020-05-03,,,0.05,,
2020-05-04,0.05,0.05,0.05,4.85,
2020-05-05,0.05,0.05,0.05,1.925,
2020-05-06,0.05,0.05,0.05,1.175,6721420.0
2020-05-07,0.05,0.05,0.05,0.982,
2020-05-08,0.06,0.05,0.05,0.68,
2020-05-09,,,0.05,,
2020-05-10,,,0.05,,
2020-05-11,0.06,0.05,0.05,0.123,
2020-05-12,0.06,0.05,0.05,0.825,
2020-05-13,0.04,0.05,0.05,13.825,6934227.0
2020-05-14,0.02,0.05,0.05,0.133,
2020-05-15,0.05,0.05,0.05,1.15,
2020-05-16,,,0.05,,
2020-05-17,,,0.05,,
2020-05-18,0.04,0.05,0.05,0.578,
2020-05-19,0.04,0.05,0.05,0.09,
2020-05-20,0.01,0.05,0.05,9.726,7037258.0
2020-05-21,0.02,0.05,0.05,0.003,
2020-05-22,0.04,0.05,0.05,0.001,
2020-05-23,,,0.05,,
2020-05-24,,,0.05,,
2020-05-25,,,0.05,,
2020-05-26,0.06,0.05,0.05,0.001,
2020-05-27,0.06,0.05,0.05,4.326,7097316.0
2020-05-28,0.06,0.05,0.05,0.0,
2020-05-29,0.06,0.05,0.05,1.325,
2020-05-30,,,0.05,,
2020-05-31,,,0.05,,
2020-06-01,0.06,0.05,0.05,0.0,
2020-06-02,0.07,0.06,0.06,2.013,
2020-06-03,0.06,0.06,0.06,0.013,7165217.0
2020-06-04,0.07,0.06,0.06,0.0,
2020-06-05,0.07,0.07,0.07,0.0,
2020-06-06,,,0.07,,
2020-06-07,,,0.07,,
2020-06-08,0.07,0.07,0.07,0.0,
2020-06-09,0.08,0.07,0.07,1.252,
2020-06-10,0.07,0.08,0.08,0.012,7168936.0
2020-06-11,0.08,0.08,0.08,0.375,
2020-06-12,0.08,0.08,0.08,0.0,
2020-06-13,,,0.08,,
2020-06-14,,,0.08,,
2020-06-15,0.09,0.09,0.09,0.003,
2020-06-16,0.09,0.09,0.09,4.0,
2020-06-17,0.09,0.09,0.09,0.001,7094690.0
2020-06-18,0.09,0.09,0.09,0.001,
2020-06-19,0.09,0.09,0.09,0.001,
2020-06-20,,,0.09,,
2020-06-21,,,0.09,,
2020-06-22,0.08,0.08,0.08,0.01,
2020-06-23,0.07,0.08,0.08,0.011,
2020-06-24,0.08,0.08,0.08,0.001,7082302.0
2020-06-25,0.09,0.08,0.08,0.001,
2020-06-26,0.08,0.08,0.08,0.2,
2020-06-27,,,0.08,,
2020-06-28,,,0.08,,
2020-06-29,0.08,0.08,0.08,0.25,
2020-06-30,0.1,0.08,0.08,0.95,
2020-07-01,0.11,0.08,0.08,0.002,7009040.0
2020-07-02,0.11,0.09,0.09,0.0,
2020-07-03,,0.09,0.09,,
2020-07-04,,,0.09,,
2020-07-05,,,0.09,,
2020-07-06,0.1,0.09,0.09,0.0,
2020-07-07,0.1,0.09,0.09,0.003,
2020-07-08,0.1,0.09,0.09,0.001,6920716.0
2020-07-09,0.1,0.09,0.09,0.0,
2020-07-10,0.1,0.09,0.09,0.0,
2020-07-11,,,0.09,,
2020-07-12,,,0.09,,
2020-07-13,0.1,0.09,0.09,0.001,
2020-07-14,0.11,0.09,0.09,0.001,
2020-07-15,0.13,0.1,0.1,0.001,6958604.0
2020-07-16,0.12,0.1,0.1,0.001,
2020-07-17,0.12,0.09,0.09,0.0,
2020-07-18,,,0.09,,
2020-07-19,,,0.09,,
2020-07-20,0.12,0.1,0.1,0.003,
2020-07-21,0.11,0.1,0.1,0.0,
2020-07-22,0.1,0.09,0.09,0.0,6964755.0
2020-07-23,0.1,0.09,0.09,0.0,
2020-07-24,0.1,0.09,0.09,0.0,
2020-07-25,,,0.09,,
2020-07-26,,,0.09,,
2020-07-27,0.1,0.1,0.1,0.0,
2020-07-28,0.1,0.1,0.1,0.0,
2020-07-29,0.09,0.1,0.1,0.001,6949032.0
2020-07-30,0.1,0.1,0.1,0.307,
2020-07-31,0.1,0.1,0.1,0.15,
2020-08-01,,,0.1,,
2020-08-02,,,0.1,,
2020-08-03,0.1,0.1,0.1,0.0,
2020-08-04,0.09,0.1,0.1,0.005,
2020-08-05,0.09,0.1,0.1,0.0,6945237.0
2020-08-06,0.09,0.1,0.1,0.0,
2020-08-07,0.09,0.1,0.1,0.0,
2020-08-08,,,0.1,,
2020-08-09,,,0.1,,
2020-08-10,0.09,0.1,0.1,0.008,
2020-08-11,0.1,0.1,0.1,0.0,
2020-08-12,0.09,0.1,0.1,0.103,6957277.0
2020-08-13,0.09,0.1,0.1,0.126,
2020-08-14,0.09,0.1,0.1,0.001,
2020-08-15,,,0.1,,
2020-08-16,,,0.1,,
2020-08-17,0.1,0.1,0.1,0.054,
2020-08-18,0.09,0.09,0.09,0.002,
2020-08-19,0.09,0.09,0.09,0.112,7010637.0
2020-08-20,0.07,0.09,0.09,0.15,
2020-08-21,0.07,0.09,0.09,0.0,
2020-08-22,,,0.09,,
2020-08-23,,,0.09,,
2020-08-24,0.08,0.09,0.09,0.0,
2020-08-25,0.08,0.09,0.09,0.012,
2020-08-26,0.07,0.09,0.09,0.009,6990418.0
2020-08-27,0.07,0.08,0.08,0.002,
2020-08-28,0.07,0.09,0.09,0.0,
2020-08-29,,,0.09,,
2020-08-30,,,0.09,,
2020-08-31,0.09,0.09,0.09,0.011,
2020-09-01,0.09,0.09,0.09,0.008,
2020-09-02,0.09,0.09,0.09,0.014,7017492.0
2020-09-03,0.1,0.09,0.09,0.0,
2020-09-04,0.09,0.09,0.09,0.0,
2020-09-05,,,0.09,,
2020-09-06,,,0.09,,
2020-09-07,,,0.09,,
2020-09-08,0.09,0.09,0.09,0.0,
2020-09-09,0.09,0.09,0.09,0.001,7010614.0
2020-09-10,0.09,0.09,0.09,0.01,
2020-09-11,0.09,0.09,0.09,0.0,
2020-09-12,,,0.09,,
2020-09-13,,,0.09,,
2020-09-14,0.09,0.09,0.09,0.001,
2020-09-15,0.1,0.09,0.09,0.002,
2020-09-16,0.1,0.09,0.09,0.055,7064475.0
2020-09-17,0.1,0.09,0.09,0.001,
2020-09-18,0.09,0.09,0.09,0.0,
2020-09-19,,,0.09,,
2020-09-20,,,0.09,,
2020-09-21,0.08,0.09,0.09,0.054,
2020-09-22,0.07,0.09,0.09,0.0,
2020-09-23,0.06,0.09,0.09,0.001,7093161.0
2020-09-24,0.07,0.09,0.09,0.004,
2020-09-25,0.08,0.09,0.09,0.0,
2020-09-26,,,0.09,,
2020-09-27,,,0.09,,
2020-09-28,0.08,0.09,0.09,0.0,
2020-09-29,0.07,0.09,0.09,1.301,
2020-09-30,0.08,0.09,0.09,0.85,7056129.0
2020-10-01,0.08,0.09,0.09,0.001,
2020-10-02,0.1,0.09,0.09,0.0,
2020-10-03,,,0.09,,
2020-10-04,,,0.09,,
2020-10-05,0.09,0.09,0.09,0.0,
2020-10-06,0.1,0.09,0.09,0.0,
2020-10-07,0.09,0.09,0.09,0.011,7074649.0
2020-10-08,0.08,0.09,0.09,0.212,
2020-10-09,0.09,0.09,0.09,0.0,
2020-10-10,,,0.09,,
2020-10-11,,,0.09,,
2020-10-12,,,0.09,,
2020-10-13,0.09,0.09,0.09,0.0,
2020-10-14,0.09,0.09,0.09,0.0,7151426.0
2020-10-15,0.1,0.09,0.09,0.001,
2020-10-16,0.09,0.09,0.09,0.002,
2020-10-17,,,0.09,,
2020-10-18,,,0.09,,
2020-10-19,0.09,0.09,0.09,0.004,
2020-10-20,0.08,0.09,0.09,0.007,
2020-10-21,0.07,0.09,0.09,0.0,7177265.0
2020-10-22,0.07,0.09,0.09,0.001,
2020-10-23,0.08,0.09,0.09,0.0,
2020-10-24,,,0.09,,
2020-10-25,,,0.09,,
2020-10-26,0.09,0.09,0.09,0.001,
2020-10-27,0.09,0.09,0.09,0.0,
2020-10-28,0.08,0.09,0.09,0.005,7146306.0
2020-10-29,0.09,0.09,0.09,0.014,
2020-10-30,0.09,0.09,0.09,0.001,
2020-10-31,,,0.09,,
2020-11-01,,,0.09,,
2020-11-02,0.11,0.09,0.09,0.0,
2020-11-03,0.1,0.09,0.09,0.0,
2020-11-04,0.1,0.09,0.09,0.0,7157479.0
2020-11-05,0.11,0.09,0.09,0.0,
2020-11-06,0.1,0.09,0.09,0.0,
2020-11-07,,,0.09,,
2020-11-08,,,0.09,,
2020-11-09,0.1,0.09,0.09,0.0,
2020-11-10,0.1,0.09,0.09,0.0,
2020-11-11,,,0.09,,7175417.0
2020-11-12,0.09,0.09,0.09,0.0,
2020-11-13,0.09,0.09,0.09,0.003,
2020-11-14,,,0.09,,
2020-11-15,,,0.09,,
2020-11-16,0.1,0.09,0.09,0.013,
2020-11-17,0.09,0.09,0.09,0.0,
2020-11-18,0.07,0.09,0.09,0.103,7243080.0
2020-11-19,0.06,0.08,0.08,2.0,
2020-11-20,0.05,0.08,0.08,0.0,
2020-11-21,,,0.08,,
2020-11-22,,,0.08,,
2020-11-23,0.05,0.08,0.08,0.485,
2020-11-24,0.07,0.08,0.08,0.001,
2020-11-25,0.08,0.08,0.08,0.0,7216480.0
2020-11-26,,,0.08,,
2020-11-27,0.08,0.08,0.08,0.0,
2020-11-28,,,0.08,,
2020-11-29,,,0.08,,
2020-11-30,0.09,0.09,0.09,0.006,
2020-12-01,0.08,0.09,0.09,0.002,
2020-12-02,0.08,0.09,0.09,0.001,7222414.0
2020-12-03,0.08,0.09,0.09,0.0,
2020-12-04,0.09,0.09,0.09,0.0,
2020-12-05,,,0.09,,
2020-12-06,,,0.09,,
2020-12-07,0.08,0.09,0.09,0.001,
2020-12-08,0.07,0.09,0.09,0.001,
2020-12-09,0.08,0.09,0.09,0.003,7242658.0
2020-12-10,0.08,0.09,0.09,0.001,
2020-12-11,0.08,0.09,0.09,0.0,
2020-12-12,,,0.09,,
2020-12-13,,,0.09,,
2020-12-14,0.08,0.09,0.09,0.1,
2020-12-15,0.09,0.09,0.09,0.001,
2020-12-16,0.09,0.09,0.09,0.026,7362592.0
2020-12-17,0.09,0.09,0.09,0.014,
2020-12-18,0.09,0.09,0.09,0.032,
2020-12-19,,,0.09,,
2020-12-20,,,0.09,,
2020-12-21,0.09,0.09,0.09,0.435,
2020-12-22,0.07,0.09,0.09,0.406,
2020-12-23,0.06,0.09,0.09,0.857,7404039.0
2020-12-24,0.08,0.09,0.09,0.01,
2020-12-25,,,0.09,,
2020-12-26,,,0.09,,
2020-12-27,,,0.09,,
2020-12-28,0.09,0.09,0.09,0.901,
2020-12-29,0.1,0.09,0.09,0.257,
2020-12-30,0.09,0.09,0.09,0.652,7363351.0
2020-12-31,0.07,0.09,0.09,9.651,
2021-01-01,,,0.09,,
2021-01-02,,,0.09,,
2021-01-03,,,0.09,,
2021-01-04,0.1,0.09,0.09,0.001,
2021-01-05,0.11,0.09,0.09,0.005,
2021-01-06,0.1,0.09,0.09,0.004,7334809.0
2021-01-07,0.1,0.09,0.09,0.001,
2021-01-08,0.09,0.09,0.09,0.0,
2021-01-09,,,0.09,,
2021-01-10,,,0.09,,
2021-01-11,0.09,0.09,0.09,0.0,
2021-01-12,0.08,0.09,0.09,0.0,
2021-01-13,0.08,0.09,0.09,0.0,7333968.0
2021-01-14,0.08,0.09,0.09,0.6,
2021-01-15,0.08,0.09,0.09,0.0,
2021-01-16,,,0.09,,
2021-01-17,,,0.09,,
2021-01-18,,,0.09,,
2021-01-19,0.07,0.09,0.09,0.004,
2021-01-20,0.06,0.09,0.09,1.806,7414942.0
2021-01-21,0.04,0.08,0.08,1.201,
2021-01-22,0.05,0.08,0.08,0.0,
2021-01-23,,,0.08,,
2021-01-24,,,0.08,,
2021-01-25,0.06,0.08,0.08,2.2,
2021-01-26,0.03,0.08,0.08,1.631,
2021-01-27,0.03,0.08,0.08,1.152,7404926.0
2021-01-28,0.04,0.07,0.07,2.655,
2021-01-29,0.06,0.07,0.07,7.1,
2021-01-30,,,0.07,,
2021-01-31,,,0.07,,
2021-02-01,0.07,0.08,0.08,0.012,
2021-02-02,0.07,0.08,0.08,0.011,
2021-02-03,0.07,0.08,0.08,0.178,7410598.0
2021-02-04,0.05,0.08,0.08,0.5,
2021-02-05,0.02,0.08,0.08,0.01,
2021-02-06,,,0.08,,
2021-02-07,,,0.08,,
2021-02-08,0.02,0.07,0.07,0.002,
2021-02-09,0.05,0.08,0.08,0.001,
2021-02-10,0.06,0.08,0.08,0.0,7442225.0
2021-02-11,0.06,0.08,0.08,0.108,
2021-02-12,0.05,0.08,0.08,0.001,
2021-02-13,,,0.08,,
2021-02-14,,,0.08,,
2021-02-15,,,0.08,,
2021-02-16,0.06,0.08,0.08,0.004,
2021-02-17,0.06,0.08,0.08,0.05,7557402.0
2021-02-18,0.03,0.07,0.07,0.0,
2021-02-19,0.02,0.07,0.07,0.002,
2021-02-20,,,0.07,,
2021-02-21,,,0.07,,
2021-02-22,0.03,0.07,0.07,1.1,
2021-02-23,0.01,0.07,0.07,0.435,
2021-02-24,0.02,0.07,0.07,0.001,7590111.0
2021-02-25,0.03,0.07,0.07,9.976,
2021-02-26,0.01,0.07,0.07,11.2,
2021-02-27,,,0.07,,
2021-02-28,,,0.07,,
2021-03-01,0.02,0.07,0.07,0.0,
2021-03-02,0.04,0.07,0.07,0.005,
2021-03-03,0.04,0.07,0.07,0.507,7557524.0
2021-03-04,0.02,0.07,0.07,2.1,
2021-03-05,0.02,0.07,0.07,1.0,
2021-03-06,,,0.07,,
2021-03-07,,,0.07,,
2021-03-08,0.02,0.07,0.07,0.025,
2021-03-09,0.02,0.07,0.07,0.0,
2021-03-10,0.02,0.07,0.07,0.1,7579901.0
2021-03-11,0.01,0.07,0.07,11.051,
2021-03-12,0.01,0.07,0.07,6.8,
2021-03-13,,,0.07,,
2021-03-14,,,0.07,,
2021-03-15,0.01,0.07,0.07,0.003,
2021-03-16,0.01,0.07,0.07,0.702,
2021-03-17,0.01,0.07,0.07,0.0,7693506.0
2021-03-18,0.01,0.07,0.07,26.57,
2021-03-19,0.01,0.07,0.07,18.908,
2021-03-20,,,0.07,,
2021-03-21,,,0.07,,
2021-03-22,0.01,0.07,0.07,22.242,
2021-03-23,0.01,0.07,0.07,19.526,
2021-03-24,0.01,0.07,0.07,21.902,7719622.0
2021-03-25,0.01,0.07,0.07,10.1,
2021-03-26,0.01,0.07,0.07,11.45,
2021-03-27,,,0.07,,
2021-03-28,,,0.07,,
2021-03-29,0.01,0.07,0.07,40.354,
2021-03-30,0.01,0.07,0.07,104.725,
2021-03-31,0.01,0.06,0.06,134.307,7688988.0
2021-04-01,0.01,0.07,0.07,9.575,
2021-04-02,,0.07,0.07,,
2021-04-03,,,0.07,,
2021-04-04,,,0.07,,
2021-04-05,0.01,0.07,0.07,3.45,
2021-04-06,0.01,0.07,0.07,18.951,
2021-04-07,0.01,0.07,0.07,35.035,7708882.0
2021-04-08,0.01,0.07,0.07,27.64,
2021-04-09,0.01,0.07,0.07,31.265,
2021-04-10,,,0.07,,
2021-04-11,,,0.07,,
2021-04-12,0.01,0.07,0.07,30.221,
2021-04-13,0.01,0.07,0.07,37.543,
2021-04-14,0.01,0.07,0.07,50.856,7793104.0
2021-04-15,0.01,0.07,0.07,28.626,
2021-04-16,0.01,0.07,0.07,39.94,
2021-04-17,,,0.07,,
2021-04-18,,,0.07,,
2021-04-19,0.01,0.07,0.07,53.798,
2021-04-20,0.01,0.07,0.07,67.747,
2021-04-21,0.01,0.07,0.07,81.329,7820948.0
2021-04-22,0.01,0.07,0.07,102.644,
2021-04-23,0.01,0.07,0.07,73.794,
2021-04-24,,,0.07,,
2021-04-25,,,0.07,,
2021-04-26,0.01,0.07,0.07,100.916,
2021-04-27,0.01,0.07,0.07,142.172,
2021-04-28,0.01,0.07,0.07,166.732,7780962.0
2021-04-29,0.01,0.06,0.06,173.469,
2021-04-30,0.01,0.05,0.05,183.234,
2021-05-01,,,0.05,,
2021-05-02,,,0.05,,
2021-05-03,0.01,0.06,0.06,129.724,
2021-05-04,0.01,0.06,0.06,147.806,
2021-05-05,0.01,0.06,0.06,162.8,7810486.0
2021-05-06,0.01,0.06,0.06,154.921,
2021-05-07,0.01,0.06,0.06,161.856,
2021-05-08,,,0.06,,
2021-05-09,,,0.06,,
2021-05-10,0.01,0.06,0.06,175.548,
2021-05-11,0.01,0.06,0.06,181.753,
2021-05-12,0.01,0.06,0.06,209.257,7830663.0
2021-05-13,0.01,0.06,0.06,235.217,
2021-05-14,0.01,0.06,0.06,241.185,
2021-05-15,,,0.06,,
2021-05-16,,,0.06,,
2021-05-17,0.01,0.06,0.06,208.96,
2021-05-18,0.01,0.06,0.06,243.47,
2021-05-19,0.01,0.06,0.06,293.998,7922883.0
2021-05-20,0.01,0.06,0.06,351.121,
2021-05-21,0.01,0.06,0.06,369.046,
2021-05-22,,,0.06,,
2021-05-23,,,0.06,,
2021-05-24,0.01,0.06,0.06,394.941,
2021-05-25,0.01,0.06,0.06,432.955,
2021-05-26,0.01,0.06,0.06,450.283,7903541.0
2021-05-27,0.01,0.06,0.06,485.329,
2021-05-28,0.01,0.05,0.05,479.498,
2021-05-29,,,0.05,,
2021-05-30,,,0.05,,
2021-05-31,,,0.05,,
2021-06-01,0.01,0.06,0.06,447.985,
2021-06-02,0.01,0.06,0.06,438.778,7935703.0
2021-06-03,0.01,0.06,0.06,479.102,
2021-06-04,0.01,0.06,0.06,483.349,
2021-06-05,,,0.06,,
2021-06-06,,,0.06,,
2021-06-07,0.01,0.06,0.06,486.097,
2021-06-08,0.01,0.06,0.06,497.428,
2021-06-09,0.01,0.06,0.06,502.904,7952327.0
2021-06-10,0.01,0.06,0.06,534.943,
2021-06-11,0.01,0.06,0.06,547.808,
2021-06-12,,,0.06,,
2021-06-13,,,0.06,,
2021-06-14,0.01,0.06,0.06,583.892,
2021-06-15,0.01,0.06,0.06,509.559,
2021-06-16,0.01,0.06,0.06,520.942,8064257.0
2021-06-17,0.05,0.1,0.1,755.8,
2021-06-18,0.05,0.1,0.1,747.121,
2021-06-19,,,0.1,,
2021-06-20,,,0.1,,
2021-06-21,0.05,0.1,0.1,765.141,
2021-06-22,0.05,0.1,0.1,791.605,
2021-06-23,0.05,0.1,0.1,813.65,8101945.0
2021-06-24,0.05,0.1,0.1,813.048,
2021-06-25,0.05,0.1,0.1,770.83,
2021-06-26,,,0.1,,
2021-06-27,,,0.1,,
2021-06-28,0.05,0.1,0.1,803.019,
2021-06-29,0.05,0.1,0.1,841.246,
2021-06-30,0.05,0.08,0.08,991.939,8078544.0
2021-07-01,0.05,0.1,0.1,742.647,
2021-07-02,0.05,0.1,0.1,731.504,
2021-07-03,,,0.1,,
2021-07-04,,,0.1,,
2021-07-05,,,0.1,,
2021-07-06,0.05,0.1,0.1,772.581,
2021-07-07,0.05,0.1,0.1,785.72,8097773.0
2021-07-08,0.05,0.1,0.1,793.399,
2021-07-09,0.05,0.1,0.1,780.596,
2021-07-10,,,0.1,,
2021-07-11,,,0.1,,
2021-07-12,0.05,0.1,0.1,776.472,
2021-07-13,0.05,0.1,0.1,798.267,
2021-07-14,0.05,0.1,0.1,859.975,8201651.0
2021-07-15,0.05,0.1,0.1,776.261,
2021-07-16,0.05,0.1,0.1,817.566,
2021-07-17,,,0.1,,
2021-07-18,,,0.1,,
2021-07-19,0.05,0.1,0.1,860.468,
2021-07-20,0.05,0.1,0.1,848.102,
2021-07-21,0.05,0.1,0.1,886.206,8240530.0
2021-07-22,0.05,0.1,0.1,898.197,
2021-07-23,0.05,0.1,0.1,877.251,
2021-07-24,,,0.1,,
2021-07-25,,,0.1,,
2021-07-26,0.05,0.1,0.1,891.203,
2021-07-27,0.05,0.1,0.1,927.419,
2021-07-28,0.05,0.1,0.1,965.189,8221473.0
2021-07-29,0.05,0.1,0.1,987.283,
2021-07-30,0.05,0.07,0.07,1039.394,
2021-07-31,,,0.07,,
2021-08-01,,,0.07,,
2021-08-02,0.05,0.1,0.1,921.317,
2021-08-03,0.05,0.1,0.1,909.442,
2021-08-04,0.05,0.1,0.1,931.755,8235073.0
2021-08-05,0.05,0.1,0.1,944.335,
2021-08-06,0.05,0.1,0.1,952.134,
2021-08-07,,,0.1,,
2021-08-08,,,0.1,,
2021-08-09,0.05,0.1,0.1,981.765,
2021-08-10,0.05,0.1,0.1,998.654,
2021-08-11,0.05,0.1,0.1,1000.46,8257159.0
2021-08-12,0.05,0.1,0.1,1087.342,
2021-08-13,0.05,0.1,0.1,1050.941,
2021-08-14,,,0.1,,
2021-08-15,,,0.1,,
2021-08-16,0.05,0.1,0.1,1036.418,
2021-08-17,0.05,0.1,0.1,1053.454,
2021-08-18,0.05,0.09,0.09,1115.656,8342598.0
2021-08-19,0.05,0.09,0.09,1109.938,
2021-08-20,0.05,0.09,0.09,1111.905,
2021-08-21,,,0.09,,
2021-08-22,,,0.09,,
2021-08-23,0.05,0.09,0.09,1135.697,
2021-08-24,0.05,0.09,0.09,1129.737,
2021-08-25,0.05,0.09,0.09,1147.089,8332743.0
2021-08-26,0.05,0.09,0.09,1091.792,
2021-08-27,0.05,0.08,0.08,1120.015,
2021-08-28,,,0.08,,
2021-08-29,,,0.08,,
2021-08-30,0.05,0.08,0.08,1140.711,
2021-08-31,0.05,0.06,0.06,1189.616,
2021-09-01,0.05,0.08,0.08,1084.115,8349173.0
2021-09-02,0.05,0.08,0.08,1066.987,
2021-09-03,0.05,0.08,0.08,1074.707,
2021-09-04,,,0.08,,
2021-09-05,,,0.08,,
2021-09-06,,,0.08,,
2021-09-07,0.05,0.08,0.08,1079.945,
2021-09-08,0.05,0.08,0.08,1115.229,8357314.0
2021-09-09,0.05,0.08,0.08,1107.659,
2021-09-10,0.05,0.08,0.08,1099.323,
2021-09-11,,,0.08,,
2021-09-12,,,0.08,,
2021-09-13,0.05,0.08,0.08,1087.108,
2021-09-14,0.05,0.08,0.08,1169.28,
2021-09-15,0.05,0.08,0.08,1081.342,8448770.0
2021-09-16,0.05,0.08,0.08,1147.494,
2021-09-17,0.05,0.08,0.08,1218.303,
2021-09-18,,,0.08,,
2021-09-19,,,0.08,,
2021-09-20,0.05,0.08,0.08,1224.289,
2021-09-21,0.05,0.08,0.08,1240.494,
2021-09-22,0.05,0.08,0.08,1283.281,8489824.0
2021-09-23,0.05,0.08,0.08,1352.483,
2021-09-24,0.05,0.08,0.08,1313.657,
2021-09-25,,,0.08,,
2021-09-26,,,0.08,,
2021-09-27,0.05,0.08,0.08,1297.05,
2021-09-28,0.05,0.08,0.08,1365.185,
2021-09-29,0.05,0.08,0.08,1415.84,8447981.0
2021-09-30,0.05,0.06,0.06,1604.881,
2021-10-01,0.05,0.08,0.08,1385.991,
2021-10-02,,,0.08,,
2021-10-03,,,0.08,,
2021-10-04,0.05,0.08,0.08,1399.173,
2021-10-05,0.05,0.08,0.08,1431.18,
2021-10-06,0.05,0.08,0.08,1451.175,8464032.0
2021-10-07,0.05,0.08,0.08,1375.863,
2021-10-08,0.05,0.08,0.08,1371.958,
2021-10-09,,,0.08,,
2021-10-10,,,0.08,,
2021-10-11,,,0.08,,
2021-10-12,0.05,0.08,0.08,1367.051,
2021-10-13,0.05,0.08,0.08,1364.701,8480942.0
2021-10-14,0.05,0.08,0.08,1445.66,
2021-10-15,0.05,0.08,0.08,1462.297,
2021-10-16,,,0.08,,
2021-10-17,,,0.08,,
2021-10-18,0.05,0.08,0.08,1477.114,
2021-10-19,0.03,0.08,0.08,1470.739,
2021-10-20,0.03,0.08,0.08,1493.961,8564943.0
2021-10-21,0.03,0.08,0.08,1458.605,
2021-10-22,0.05,0.08,0.08,1403.02,
2021-10-23,,,0.08,,
2021-10-24,,,0.08,,
2021-10-25,0.04,0.08,0.08,1413.188,
2021-10-26,0.05,0.08,0.08,1423.198,
2021-10-27,0.05,0.08,0.08,1433.37,8556181.0
2021-10-28,0.05,0.08,0.08,1384.684,
2021-10-29,0.05,0.07,0.07,1502.296,
2021-10-30,,,0.07,,
2021-10-31,,,0.07,,
2021-11-01,0.05,0.08,0.08,1358.606,
2021-11-02,0.05,0.08,0.08,1329.913,
2021-11-03,0.05,0.08,0.08,1343.985,8574871.0
2021-11-04,0.05,0.08,0.08,1348.539,
2021-11-05,0.05,0.08,0.08,1354.059,
2021-11-06,,,0.08,,
2021-11-07,,,0.08,,
2021-11-08,0.05,0.08,0.08,1354.382,
2021-11-09,0.05,0.08,0.08,1377.197,
2021-11-10,0.05,0.08,0.08,1448.623,8663117.0
2021-11-11,,,0.08,,
2021-11-12,0.05,0.08,0.08,1417.643,
2021-11-13,,,0.08,,
2021-11-14,,,0.08,,
2021-11-15,0.05,0.08,0.08,1391.657,
2021-11-16,0.05,0.08,0.08,1466.857,
2021-11-17,0.05,0.08,0.08,1520.0,8674970.0
2021-11-18,0.05,0.08,0.08,1584.097,
2021-11-19,0.05,0.08,0.08,1575.384,
2021-11-20,,,0.08,,
2021-11-21,,,0.08,,
2021-11-22,0.05,0.08,0.08,1573.769,
2021-11-23,0.05,0.08,0.08,1571.98,
2021-11-24,0.05,0.08,0.08,1452.897,8681771.0
2021-11-25,,,0.08,,
2021-11-26,0.05,0.08,0.08,1451.108,
2021-11-27,,,0.08,,
2021-11-28,,,0.08,,
2021-11-29,0.05,0.08,0.08,1459.339,
2021-11-30,0.05,0.07,0.07,1517.956,
2021-12-01,0.05,0.08,0.08,1427.347,8650402.0
2021-12-02,0.05,0.08,0.08,1448.585,
2021-12-03,0.05,0.08,0.08,1475.464,
2021-12-04,,,0.08,,
2021-12-05,,,0.08,,
2021-12-06,0.05,0.08,0.08,1487.996,
2021-12-07,0.05,0.08,0.08,1455.038,
2021-12-08,0.05,0.08,0.08,1484.192,8664524.0
2021-12-09,0.05,0.08,0.08,1500.027,
2021-12-10,0.05,0.08,0.08,1507.147,
2021-12-11,,,0.08,,
2021-12-12,,,0.08,,
2021-12-13,0.05,0.08,0.08,1599.768,
2021-12-14,0.05,0.08,0.08,1584.488,
2021-12-15,0.05,0.08,0.08,1621.097,8756666.0
2021-12-16,0.05,0.08,0.08,1657.626,
2021-12-17,0.05,0.08,0.08,1704.586,
2021-12-18,,,0.08,,
2021-12-19,,,0.08,,
2021-12-20,0.04,0.08,0.08,1758.041,
2021-12-21,0.05,0.08,0.08,1748.285,
2021-12-22,0.05,0.08,0.08,1699.277,8790495.0
2021-12-23,0.05,0.08,0.08,1577.78,
2021-12-24,,0.08,0.08,,
2021-12-25,,,0.08,,
2021-12-26,,,0.08,,
2021-12-27,0.05,0.08,0.08,1580.347,
2021-12-28,0.05,0.08,0.08,1637.064,
2021-12-29,0.05,0.08,0.08,1642.506,8757460.0
2021-12-30,0.05,0.08,0.08,1696.476,
2021-12-31,0.05,0.07,0.07,1904.582,
2022-01-01,,,0.07,,
2022-01-02,,,0.07,,
2022-01-03,0.05,0.08,0.08,1579.526,
2022-01-04,0.05,0.08,0.08,1495.692,
2022-01-05,0.05,0.08,0.08,1492.787,8765721.0
2022-01-06,0.05,0.08,0.08,1510.553,
2022-01-07,0.05,0.08,0.08,1530.096,
2022-01-08,,,0.08,,
2022-01-09,,,0.08,,
2022-01-10,0.05,0.08,0.08,1560.421,
2022-01-11,0.05,0.08,0.08,1527.02,
2022-01-12,0.05,0.08,0.08,1536.981,8788278.0
2022-01-13,0.05,0.08,0.08,1636.742,
2022-01-14,0.05,0.08,0.08,1598.887,
2022-01-15,,,0.08,,
2022-01-16,,,0.08,,
2022-01-17,,,0.08,,
2022-01-18,0.05,0.08,0.08,1597.137,
2022-01-19,0.05,0.08,0.08,1656.576,8867834.0
2022-01-20,0.04,0.08,0.08,1678.931,
2022-01-21,0.05,0.08,0.08,1706.127,
2022-01-22,,,0.08,,
2022-01-23,,,0.08,,
2022-01-24,0.04,0.08,0.08,1614.002,
2022-01-25,0.05,0.08,0.08,1599.502,
2022-01-26,0.04,0.08,0.08,1613.046,8860485.0
2022-01-27,0.04,0.08,0.08,1583.895,
2022-01-28,0.05,0.08,0.08,1615.021,
2022-01-29,,,0.08,,
2022-01-30,,,0.08,,
2022-01-31,0.05,0.08,0.08,1654.85,
2022-02-01,0.05,0.08,0.08,1584.109,
2022-02-02,0.05,0.08,0.08,1626.895,8873211.0
2022-02-03,0.05,0.08,0.08,1640.397,
2022-02-04,0.05,0.08,0.08,1642.892,
2022-02-05,,,0.08,,
2022-02-06,,,0.08,,
2022-02-07,0.05,0.08,0.08,1679.932,
2022-02-08,0.05,0.08,0.08,1674.61,
2022-02-09,0.04,0.08,0.08,1653.153,8878009.0
2022-02-10,0.05,0.08,0.08,1634.146,
2022-02-11,0.05,0.08,0.08,1635.826,
2022-02-12,,,0.08,,
2022-02-13,,,0.08,,
2022-02-14,0.05,0.08,0.08,1666.232,
2022-02-15,0.05,0.08,0.08,1608.494,
2022-02-16,0.05,0.08,0.08,1644.134,8911033.0
2022-02-17,0.05,0.08,0.08,1647.202,
2022-02-18,0.05,0.08,0.08,1674.929,
2022-02-19,,,0.08,,
2022-02-20,,,0.08,,
2022-02-21,,,0.08,,
2022-02-22,0.05,0.08,0.08,1699.432,
2022-02-23,0.05,0.08,0.08,1738.322,8928129.0
2022-02-24,0.05,0.08,0.08,1650.399,
2022-02-25,0.05,0.08,0.08,1603.349,
2022-02-26,,,0.08,,
2022-02-27,,,0.08,,
2022-02-28,0.05,0.08,0.08,1596.052,
2022-03-01,0.05,0.08,0.08,1552.95,
2022-03-02,0.05,0.08,0.08,1526.211,8904455.0
2022-03-03,0.05,0.08,0.08,1533.992,
2022-03-04,0.05,0.08,0.08,1483.061,
2022-03-05,,,0.08,,
2022-03-06,,,0.08,,
2022-03-07,0.05,0.08,0.08,1461.227,
2022-03-08,0.05,0.08,0.08,1525.099,
2022-03-09,0.05,0.08,0.08,1542.504,8910748.0
2022-03-10,0.05,0.08,0.08,1568.735,
2022-03-11,0.05,0.08,0.08,1557.823,
2022-03-12,,,0.08,,
2022-03-13,,,0.08,,
2022-03-14,0.05,0.08,0.08,1608.021,
2022-03-15,0.05,0.08,0.08,1583.471,
2022-03-16,0.05,0.08,0.08,1613.637,8954306.0
2022-03-17,0.3,0.33,0.33,1659.977,
2022-03-18,0.3,0.33,0.33,1715.148,
2022-03-19,,,0.33,,
2022-03-20,,,0.33,,
2022-03-21,0.29,0.33,0.33,1728.893,
2022-03-22,0.28,0.33,0.33,1763.183,
2022-03-23,0.27,0.33,0.33,1803.186,8962474.0
2022-03-24,0.27,0.33,0.33,1707.655,
2022-03-25,0.28,0.33,0.33,1676.974,
2022-03-26,,,0.33,,
2022-03-27,,,0.33,,
2022-03-28,0.28,0.33,0.33,1688.632,
2022-03-29,0.28,0.33,0.33,1718.87,
2022-03-30,0.27,0.33,0.33,1785.939,8937142.0
2022-03-31,0.29,0.33,0.33,1871.97,
2022-04-01,0.3,0.33,0.33,1666.063,
2022-04-02,,,0.33,,
2022-04-03,,,0.33,,
2022-04-04,0.3,0.33,0.33,1692.936,
2022-04-05,0.3,0.33,0.33,1710.834,
2022-04-06,0.3,0.33,0.33,1731.472,8937592.0
2022-04-07,0.3,0.33,0.33,1734.424,
2022-04-08,0.3,0.33,0.33,1750.498,
2022-04-09,,,0.33,,
2022-04-10,,,0.33,,
2022-04-11,0.3,0.33,0.33,1758.958,
2022-04-12,0.29,0.33,0.33,1710.414,
2022-04-13,0.29,0.33,0.33,1815.555,8965487.0
2022-04-14,0.29,0.33,0.33,1706.935,
2022-04-15,,0.33,0.33,,
2022-04-16,,,0.33,,
2022-04-17,,,0.33,,
2022-04-18,0.29,0.33,0.33,1738.379,
2022-04-19,0.28,0.33,0.33,1817.292,
2022-04-20,0.27,0.33,0.33,1866.56,8955851.0
2022-04-21,0.26,0.33,0.33,1854.7,
2022-04-22,0.27,0.33,0.33,1765.031,
2022-04-23,,,0.33,,
2022-04-24,,,0.33,,
2022-04-25,0.27,0.33,0.33,1783.609,
2022-04-26,0.27,0.33,0.33,1819.343,
2022-04-27,0.28,0.33,0.33,1803.162,8939199.0
2022-04-28,0.28,0.33,0.33,1818.416,
2022-04-29,0.28,0.33,0.33,1906.802,
2022-04-30,,,0.33,,
2022-05-01,,,0.33,,
2022-05-02,0.3,0.33,0.33,1796.302,
2022-05-03,0.3,0.33,0.33,1796.252,
2022-05-04,0.3,0.33,0.33,1815.656,8939972.0
2022-05-05,0.79,0.83,0.83,1844.762,
2022-05-06,0.78,0.83,0.83,1861.866,
2022-05-07,,,0.83,,
2022-05-08,,,0.83,,
2022-05-09,0.78,0.83,0.83,1858.995,
2022-05-10,0.78,0.83,0.83,1864.225,
2022-05-11,0.78,0.83,0.83,1876.119,8942008.0
2022-05-12,0.79,0.83,0.83,1900.069,
2022-05-13,0.79,0.83,0.83,1865.287,
2022-05-14,,,0.83,,
2022-05-15,,,0.83,,
2022-05-16,0.8,0.83,0.83,1833.152,
2022-05-17,0.8,0.83,0.83,1877.483,
2022-05-18,0.79,0.83,0.83,1973.373,8945898.0
2022-05-19,0.79,0.83,0.83,1981.005,
2022-05-20,0.78,0.83,0.83,1987.987,
2022-05-21,,,0.83,,
2022-05-22,,,0.83,,
2022-05-23,0.78,0.83,0.83,2044.658,
2022-05-24,0.78,0.83,0.83,1987.865,
2022-05-25,0.78,0.83,0.83,1995.75,8914281.0
2022-05-26,0.78,0.83,0.83,2007.702,
2022-05-27,0.78,0.83,0.83,2006.688,
2022-05-28,,,0.83,,
2022-05-29,,,0.83,,
2022-05-30,,,0.83,,
2022-05-31,0.79,0.83,0.83,1978.538,
2022-06-01,0.8,0.83,0.83,1965.015,8915050.0
2022-06-02,0.79,0.83,0.83,1985.239,
2022-06-03,0.78,0.83,0.83,2031.228,
2022-06-04,,,0.83,,
2022-06-05,,,0.83,,
2022-06-06,0.78,0.83,0.83,2040.093,
2022-06-07,0.77,0.83,0.83,2091.395,
2022-06-08,0.76,0.83,0.83,2140.277,8918254.0
2022-06-09,0.75,0.83,0.83,2142.318,
2022-06-10,0.75,0.83,0.83,2162.885,
2022-06-11,,,0.83,,
2022-06-12,,,0.83,,
2022-06-13,0.73,0.83,0.83,2212.62,
2022-06-14,0.69,0.83,0.83,2223.857,
2022-06-15,0.7,0.83,0.83,2162.924,8932420.0
2022-06-16,1.45,1.58,1.58,2178.382,
2022-06-17,1.45,1.58,1.58,2229.279,
2022-06-18,,,1.58,,
2022-06-19,,,1.58,,
2022-06-20,,,1.58,,
2022-06-21,1.45,1.58,1.58,2188.627,
2022-06-22,1.45,1.58,1.58,2259.458,8934346.0
2022-06-23,1.44,1.58,1.58,2285.442,
2022-06-24,1.46,1.58,1.58,2180.984,
2022-06-25,,,1.58,,
2022-06-26,,,1.58,,
2022-06-27,1.5,1.58,1.58,2155.942,
2022-06-28,1.52,1.58,1.58,2213.784,
2022-06-29,1.51,1.58,1.58,2226.976,8913553.0
2022-06-30,1.5,1.58,1.58,2329.743,
2022-07-01,1.52,1.58,1.58,2167.085,
2022-07-02,,,1.58,,
2022-07-03,,,1.58,,
2022-07-04,,,1.58,,
2022-07-05,1.54,1.58,1.58,2138.28,
2022-07-06,1.54,1.58,1.58,2168.026,8891851.0
2022-07-07,1.54,1.58,1.58,2172.457,
2022-07-08,1.53,1.58,1.58,2144.921,
2022-07-09,,,1.58,,
2022-07-10,,,1.58,,
2022-07-11,1.53,1.58,1.58,2164.266,
2022-07-12,1.54,1.58,1.58,2146.132,
2022-07-13,1.53,1.58,1.58,2155.29,8895867.0
2022-07-14,1.53,1.58,1.58,2207.121,
2022-07-15,1.54,1.58,1.58,2153.75,
2022-07-16,,,1.58,,
2022-07-17,,,1.58,,
2022-07-18,1.54,1.58,1.58,2190.375,
2022-07-19,1.54,1.58,1.58,2211.821,
2022-07-20,1.53,1.58,1.58,2240.204,8899213.0
2022-07-21,1.53,1.58,1.58,2271.756,
2022-07-22,1.52,1.58,1.58,2228.959,
2022-07-23,,,1.58,,
2022-07-24,,,1.58,,
2022-07-25,1.53,1.58,1.58,2192.367,
2022-07-26,1.53,1.58,1.58,2189.474,
2022-07-27,1.53,1.58,1.58,2188.994,8890004.0
2022-07-28,2.28,2.33,2.33,2239.883,
2022-07-29,2.27,2.32,2.32,2300.2,
2022-07-30,,,2.32,,
2022-07-31,,,2.32,,
2022-08-01,2.28,2.33,2.33,2161.885,
2022-08-02,2.3,2.33,2.33,2156.013,
2022-08-03,2.29,2.33,2.33,2182.238,8874620.0
2022-08-04,2.29,2.33,2.33,2191.546,
2022-08-05,2.28,2.33,2.33,2194.927,
2022-08-06,,,2.33,,
2022-08-07,,,2.33,,
2022-08-08,2.28,2.33,2.33,2195.692,
2022-08-09,2.29,2.33,2.33,2186.568,
2022-08-10,2.28,2.33,2.33,2177.646,8879138.0
2022-08-11,2.28,2.33,2.33,2199.247,
2022-08-12,2.28,2.33,2.33,2213.193,
2022-08-13,,,2.33,,
2022-08-14,,,2.33,,
2022-08-15,2.29,2.33,2.33,2175.857,
2022-08-16,2.29,2.33,2.33,2165.332,
2022-08-17,2.29,2.33,2.33,2199.631,8849762.0
2022-08-18,2.28,2.33,2.33,2218.161,
2022-08-19,2.28,2.33,2.33,2221.68,
2022-08-20,,,2.33,,
2022-08-21,,,2.33,,
2022-08-22,2.28,2.33,2.33,2235.665,
2022-08-23,2.27,2.33,2.33,2250.718,
2022-08-24,2.27,2.33,2.33,2237.072,8851436.0
2022-08-25,2.28,2.33,2.33,2187.907,
2022-08-26,2.28,2.33,2.33,2182.452,
2022-08-27,,,2.33,,
2022-08-28,,,2.33,,
2022-08-29,2.28,2.33,2.33,2205.188,
2022-08-30,2.29,2.33,2.33,2188.975,
2022-08-31,2.29,2.33,2.33,2251.025,8826093.0
2022-09-01,2.29,2.33,2.33,2173.156,
2022-09-02,2.29,2.33,2.33,2173.413,
2022-09-03,,,2.33,,
2022-09-04,,,2.33,,
2022-09-05,,,2.33,,
2022-09-06,2.29,2.33,2.33,2188.796,
2022-09-07,2.28,2.33,2.33,2206.987,8822401.0
2022-09-08,2.28,2.33,2.33,2210.466,
2022-09-09,2.28,2.33,2.33,2209.714,
2022-09-10,,,2.33,,
2022-09-11,,,2.33,,
2022-09-12,2.28,2.33,2.33,2218.546,
2022-09-13,2.28,2.33,2.33,2202.719,
2022-09-14,2.27,2.33,2.33,2225.579,8832759.0
2022-09-15,2.28,2.33,2.33,2176.188,
2022-09-16,2.27,2.33,2.33,2186.833,
2022-09-17,,,2.33,,
2022-09-18,,,2.33,,
2022-09-19,2.27,2.33,2.33,2217.542,
2022-09-20,2.26,2.33,2.33,2238.87,
2022-09-21,2.25,2.33,2.33,2315.9,8816802.0
2022-09-22,2.99,3.08,3.08,2359.227,
2022-09-23,2.99,3.08,3.08,2319.361,
2022-09-24,,,3.08,,
2022-09-25,,,3.08,,
2022-09-26,2.99,3.08,3.08,2299.011,
2022-09-27,2.98,3.08,3.08,2327.111,
2022-09-28,2.98,3.08,3.08,2366.798,8795567.0
2022-09-29,2.96,3.08,3.08,2371.763,
2022-09-30,2.98,3.08,3.08,2425.91,
2022-10-01,,,3.08,,
2022-10-02,,,3.08,,
2022-10-03,3.0,3.08,3.08,2252.523,
2022-10-04,3.04,3.08,3.08,2233.616,
2022-10-05,3.04,3.08,3.08,2230.799,8759053.0
2022-10-06,3.05,3.08,3.08,2232.801,
2022-10-07,3.05,3.08,3.08,2226.95,
2022-10-08,,,3.08,,
2022-10-09,,,3.08,,
2022-10-10,,,3.08,,
2022-10-11,3.05,3.08,3.08,2222.479,
2022-10-12,3.04,3.08,3.08,2247.206,8758969.0
2022-10-13,3.04,3.08,3.08,2244.1,
2022-10-14,3.04,3.08,3.08,2222.052,
2022-10-15,,,3.08,,
2022-10-16,,,3.08,,
2022-10-17,3.05,3.08,3.08,2172.301,
2022-10-18,3.04,3.08,3.08,2226.725,
2022-10-19,3.04,3.08,3.08,2241.835,8743922.0
2022-10-20,3.03,3.08,3.08,2234.071,
2022-10-21,3.02,3.08,3.08,2265.809,
2022-10-22,,,3.08,,
2022-10-23,,,3.08,,
2022-10-24,3.01,3.08,3.08,2242.044,
2022-10-25,3.02,3.08,3.08,2195.616,
2022-10-26,3.03,3.08,3.08,2186.856,8723090.0
2022-10-27,3.04,3.08,3.08,2152.485,
2022-10-28,3.05,3.08,3.08,2183.29,
2022-10-29,,,3.08,,
2022-10-30,,,3.08,,
2022-10-31,3.05,3.08,3.08,2275.459,
2022-11-01,3.05,3.08,3.08,2200.51,
2022-11-02,3.05,3.08,3.08,2229.861,8676870.0
2022-11-03,3.8,3.83,3.83,2219.791,
2022-11-04,3.8,3.83,3.83,2230.84,
2022-11-05,,,3.83,,
2022-11-06,,,3.83,,
2022-11-07,3.78,3.83,3.83,2241.317,
2022-11-08,3.78,3.83,3.83,2232.555,
2022-11-09,3.78,3.83,3.83,2237.812,8678886.0
2022-11-10,3.78,3.83,3.83,2200.586,
2022-11-11,,,3.83,,
2022-11-12,,,3.83,,
2022-11-13,,,3.83,,
2022-11-14,3.79,3.83,3.83,2165.018,
2022-11-15,3.8,3.83,3.83,2086.574,
2022-11-16,3.81,3.83,3.83,2099.07,8625620.0
2022-11-17,3.8,3.83,3.83,2114.439,
2022-11-18,3.8,3.83,3.83,2113.413,
2022-11-19,,,3.83,,
2022-11-20,,,3.83,,
2022-11-21,3.8,3.83,3.83,2125.426,
2022-11-22,3.8,3.83,3.83,2103.932,
2022-11-23,3.79,3.83,3.83,2069.174,8621390.0
2022-11-24,,,3.83,,
2022-11-25,3.8,3.83,3.83,2031.066,
2022-11-26,,,3.83,,
2022-11-27,,,3.83,,
2022-11-28,3.8,3.83,3.83,2054.914,
2022-11-29,3.81,3.83,3.83,2064.377,
2022-11-30,3.82,3.83,3.83,2115.913,8584576.0
2022-12-01,3.82,3.83,3.83,2050.286,
2022-12-02,3.81,3.83,3.83,2049.763,
2022-12-03,,,3.83,,
2022-12-04,,,3.83,,
2022-12-05,3.81,3.83,3.83,2093.647,
2022-12-06,3.8,3.83,3.83,2111.465,
2022-12-07,3.8,3.83,3.83,2151.549,8582735.0
2022-12-08,3.8,3.83,3.83,2175.973,
2022-12-09,3.8,3.83,3.83,2146.748,
2022-12-10,,,3.83,,
2022-12-11,,,3.83,,
2022-12-12,3.8,3.83,3.83,2158.517,
2022-12-13,3.8,3.83,3.83,2180.676,
2022-12-14,3.8,3.83,3.83,2192.864,8583413.0
2022-12-15,4.32,4.33,4.33,2123.995,
2022-12-16,4.32,4.33,4.33,2126.54,
2022-12-17,,,4.33,,
2022-12-18,,,4.33,,
2022-12-19,4.3,4.33,4.33,2134.765,
2022-12-20,4.3,4.33,4.33,2159.408,
2022-12-21,4.3,4.33,4.33,2206.965,8564411.0
2022-12-22,4.3,4.33,4.33,2222.898,
2022-12-23,4.3,4.33,4.33,2216.348,
2022-12-24,,,4.33,,
2022-12-25,,,4.33,,
2022-12-26,,,4.33,,
2022-12-27,4.3,4.33,4.33,2221.259,
2022-12-28,4.3,4.33,4.33,2293.003,8551169.0
2022-12-29,4.3,4.33,4.33,2308.319,
2022-12-30,4.3,4.33,4.33,2553.716,
2022-12-31,,,4.33,,
2023-01-01,,,4.33,,
2023-01-02,,,4.33,,
2023-01-03,4.31,4.33,4.33,2188.272,
2023-01-04,4.3,4.33,4.33,2229.542,8507429.0
2023-01-05,4.31,4.33,4.33,2242.486,
2023-01-06,4.31,4.33,4.33,2208.265,
2023-01-07,,,4.33,,
2023-01-08,,,4.33,,
2023-01-09,4.31,4.33,4.33,2199.121,
2023-01-10,4.31,4.33,4.33,2192.942,
2023-01-11,4.3,4.33,4.33,2199.17,8508587.0
2023-01-12,4.3,4.33,4.33,2202.989,
2023-01-13,4.3,4.33,4.33,2179.781,
2023-01-14,,,4.33,,
2023-01-15,,,4.33,,
2023-01-16,,,4.33,,
2023-01-17,4.31,4.33,4.33,2093.328,
2023-01-18,4.3,4.33,4.33,2131.678,8489039.0
2023-01-19,4.31,4.33,4.33,2110.145,
2023-01-20,4.3,4.33,4.33,2090.523,
2023-01-21,,,4.33,,
2023-01-22,,,4.33,,
2023-01-23,4.3,4.33,4.33,2135.499,
2023-01-24,4.3,4.33,4.33,2048.386,
2023-01-25,4.31,4.33,4.33,2031.561,8470557.0
2023-01-26,4.3,4.33,4.33,2024.069,
2023-01-27,4.3,4.33,4.33,2003.634,
2023-01-28,,,4.33,,
2023-01-29,,,4.33,,
2023-01-30,4.3,4.33,4.33,2048.714,
2023-01-31,4.31,4.33,4.33,2061.572,
2023-02-01,4.31,4.33,4.33,2038.262,8433610.0
2023-02-02,4.56,4.58,4.58,2050.063,
2023-02-03,4.55,4.58,4.58,2041.217,
2023-02-04,,,4.58,,
2023-02-05,,,4.58,,
2023-02-06,4.55,4.58,4.58,2072.261,
2023-02-07,4.55,4.58,4.58,2057.958,
2023-02-08,4.55,4.58,4.58,2059.604,8435369.0
2023-02-09,4.55,4.57,4.57,2058.942,
2023-02-10,4.55,4.58,4.58,2042.893,
2023-02-11,,,4.58,,
2023-02-12,,,4.58,,
2023-02-13,4.55,4.58,4.58,2107.775,
2023-02-14,4.55,4.58,4.58,2076.548,
2023-02-15,4.55,4.58,4.58,2011.998,8384767.0
2023-02-16,4.55,4.58,4.58,2032.457,
2023-02-17,4.55,4.58,4.58,2059.662,
2023-02-18,,,4.58,,
2023-02-19,,,4.58,,
2023-02-20,,,4.58,,
2023-02-21,4.55,4.58,4.58,2046.064,
2023-02-22,4.55,4.58,4.58,2113.849,8382190.0
2023-02-23,4.55,4.58,4.58,2147.417,
2023-02-24,4.55,4.58,4.58,2142.141,
2023-02-25,,,4.58,,
2023-02-26,,,4.58,,
2023-02-27,4.55,4.57,4.57,2162.435,
2023-02-28,4.55,4.57,4.57,2188.035,
2023-03-01,4.55,4.58,4.58,2133.95,8339684.0
2023-03-02,4.55,4.57,4.57,2192.355,
2023-03-03,4.55,4.57,4.57,2186.15,
2023-03-04,,,4.57,,
2023-03-05,,,4.57,,
2023-03-06,4.55,4.57,4.57,2190.793,
2023-03-07,4.55,4.57,4.57,2170.195,
2023-03-08,4.55,4.57,4.57,2193.237,8342283.0
2023-03-09,4.55,4.57,4.57,2229.623,
2023-03-10,4.55,4.57,4.57,2188.375,
2023-03-11,,,4.57,,
2023-03-12,,,4.57,,
2023-03-13,4.55,4.58,4.58,2126.677,
2023-03-14,4.55,4.58,4.58,2042.579,
2023-03-15,4.58,4.58,4.58,2055.823,8639300.0
2023-03-16,4.57,4.58,4.58,2066.319,
2023-03-17,4.55,4.58,4.58,2106.166,
2023-03-18,,,4.58,,
2023-03-19,,,4.58,,
2023-03-20,4.55,4.58,4.58,2098.393,
2023-03-21,4.55,4.58,4.58,2194.631,
2023-03-22,4.55,4.58,4.58,2279.608,8733787.0
2023-03-23,4.8,4.83,4.83,2233.956,
2023-03-24,4.8,4.83,4.83,2218.458,
2023-03-25,,,4.83,,
2023-03-26,,,4.83,,
2023-03-27,4.81,4.83,4.83,2220.131,
2023-03-28,4.84,4.83,4.83,2231.749,
2023-03-29,4.83,4.83,4.83,2264.862,8705942.0
2023-03-30,4.82,4.83,4.83,2271.531,
2023-03-31,4.87,4.83,4.83,2375.171,
2023-04-01,,,4.83,,
2023-04-02,,,4.83,,
2023-04-03,4.84,4.83,4.83,2221.01,
2023-04-04,4.83,4.83,4.83,2219.375,
2023-04-05,4.81,4.83,4.83,2243.011,8632384.0
2023-04-06,4.81,4.83,4.83,2173.663,
2023-04-07,,4.83,4.83,,
2023-04-08,,,4.83,,
2023-04-09,,,4.83,,
2023-04-10,4.81,4.83,4.83,2239.655,
2023-04-11,4.8,4.83,4.83,2297.208,
2023-04-12,4.8,4.83,4.83,2303.862,8614797.0
2023-04-13,4.8,4.83,4.83,2321.699,
2023-04-14,4.8,4.83,4.83,2253.786,
2023-04-15,,,4.83,,
2023-04-16,,,4.83,,
2023-04-17,4.8,4.83,4.83,2256.845,
2023-04-18,4.8,4.83,4.83,2238.994,
2023-04-19,4.8,4.83,4.83,2294.677,8593263.0
2023-04-20,4.8,4.83,4.83,2277.259,
2023-04-21,4.8,4.83,4.83,2290.023,
2023-04-22,,,4.83,,
2023-04-23,,,4.83,,
2023-04-24,4.8,4.83,4.83,2308.538,
2023-04-25,4.8,4.83,4.83,2275.402,
2023-04-26,4.8,4.83,4.83,2279.561,8562768.0
2023-04-27,4.81,4.83,4.83,2273.926,
2023-04-28,4.81,4.83,4.83,2325.479,
2023-04-29,,,4.83,,
2023-04-30,,,4.83,,
2023-05-01,4.81,4.83,4.83,2239.866,
2023-05-02,4.81,4.83,4.83,2267.13,
2023-05-03,4.81,4.83,4.83,2258.222,8503994.0
2023-05-04,5.06,5.08,5.08,2242.399,
2023-05-05,5.06,5.08,5.08,2207.415,
2023-05-06,,,5.08,,
2023-05-07,,,5.08,,
2023-05-08,5.06,5.08,5.08,2217.601,
2023-05-09,5.06,5.08,5.08,2222.864,
2023-05-10,5.06,5.08,5.08,2233.149,8503017.0
2023-05-11,5.05,5.08,5.08,2242.243,
2023-05-12,5.05,5.08,5.08,2229.199,
2023-05-13,,,5.08,,
2023-05-14,,,5.08,,
2023-05-15,5.06,5.08,5.08,2220.927,
2023-05-16,5.05,5.08,5.08,2203.214,
2023-05-17,5.05,5.08,5.08,2213.676,8456760.0
2023-05-18,5.05,5.08,5.08,2238.266,
2023-05-19,5.05,5.08,5.08,2276.72,
2023-05-20,,,5.08,,
2023-05-21,,,5.08,,
2023-05-22,5.05,5.08,5.08,2275.311,
2023-05-23,5.05,5.08,5.08,2256.689,
2023-05-24,5.05,5.08,5.08,2250.709,8436255.0
2023-05-25,5.06,5.08,5.08,2197.638,
2023-05-26,5.06,5.08,5.08,2189.681,
2023-05-27,,,5.08,,
2023-05-28,,,5.08,,
2023-05-29,,,5.08,,
2023-05-30,5.06,5.08,5.08,2200.479,
2023-05-31,5.08,5.08,5.08,2254.859,8385854.0
2023-06-01,5.08,5.08,5.08,2160.055,
2023-06-02,5.07,5.08,5.08,2142.102,
2023-06-03,,,5.08,,
2023-06-04,,,5.08,,
2023-06-05,5.06,5.08,5.08,2131.417,
2023-06-06,5.05,5.08,5.08,2134.638,
2023-06-07,5.05,5.08,5.08,2161.556,8389325.0
2023-06-08,5.05,5.08,5.08,2141.798,
2023-06-09,5.05,5.08,5.08,2127.652,
2023-06-10,,,5.08,,
2023-06-11,,,5.08,,
2023-06-12,5.05,5.08,5.08,2126.87,
2023-06-13,5.05,5.08,5.08,2074.52,
2023-06-14,5.05,5.08,5.08,2109.105,8388323.0
2023-06-15,5.06,5.07,5.07,1992.14,
2023-06-16,5.05,5.08,5.08,2011.556,
2023-06-17,,,5.08,,
2023-06-18,,,5.08,,
2023-06-19,,,5.08,,
2023-06-20,5.05,5.07,5.07,1989.489,
2023-06-21,5.05,5.07,5.07,2037.102,8362060.0
2023-06-22,5.05,5.07,5.07,1994.711,
2023-06-23,5.05,5.07,5.07,1969.38,
2023-06-24,,,5.07,,
2023-06-25,,,5.07,,
2023-06-26,5.05,5.07,5.07,1961.027,
2023-06-27,5.05,5.07,5.07,1951.098,
2023-06-28,5.06,5.07,5.07,1945.211,8340914.0
2023-06-29,5.06,5.07,5.07,1934.684,
2023-06-30,5.09,5.08,5.08,2034.319,
2023-07-01,,,5.08,,
2023-07-02,,,5.08,,
2023-07-03,5.06,5.08,5.08,1909.639,
2023-07-04,,,5.08,,
2023-07-05,5.06,5.08,5.08,1867.061,8298312.0
2023-07-06,5.06,5.08,5.08,1854.256,
2023-07-07,5.06,5.08,5.08,1822.303,
2023-07-08,,,5.08,,
2023-07-09,,,5.08,,
2023-07-10,5.06,5.07,5.07,1811.981,
2023-07-11,5.06,5.08,5.08,1775.796,
2023-07-12,5.05,5.08,5.08,1820.146,8296923.0
2023-07-13,5.06,5.08,5.08,1767.432,
2023-07-14,5.05,5.08,5.08,1740.777,
2023-07-15,,,5.08,,
2023-07-16,,,5.08,,
2023-07-17,5.06,5.08,5.08,1728.322,
2023-07-18,5.06,5.08,5.08,1716.862,
2023-07-19,5.05,5.08,5.08,1732.804,8274552.0
2023-07-20,5.06,5.08,5.08,1721.001,
2023-07-21,5.05,5.08,5.08,1770.752,
2023-07-22,,,5.08,,
2023-07-23,,,5.08,,
2023-07-24,5.05,5.08,5.08,1770.867,
2023-07-25,5.06,5.08,5.08,1720.716,
2023-07-26,5.06,5.08,5.08,1749.733,8243344.0
2023-07-27,5.31,5.33,5.33,1735.783,
2023-07-28,5.3,5.33,5.33,1730.227,
2023-07-29,,,5.33,,
2023-07-30,,,5.33,,
2023-07-31,5.31,5.33,5.33,1821.124,
2023-08-01,5.31,5.33,5.33,1739.554,
2023-08-02,5.3,5.33,5.33,1770.186,8206764.0
2023-08-03,5.3,5.33,5.33,1776.774,
2023-08-04,5.3,5.33,5.33,1793.804,
2023-08-05,,,5.33,,
2023-08-06,,,5.33,,
2023-08-07,5.3,5.33,5.33,1810.583,
2023-08-08,5.3,5.33,5.33,1778.351,
2023-08-09,5.3,5.33,5.33,1796.519,8208241.0
2023-08-10,5.3,5.33,5.33,1759.897,
2023-08-11,5.3,5.33,5.33,1773.236,
2023-08-12,,,5.33,,
2023-08-13,,,5.33,,
2023-08-14,5.3,5.33,5.33,1799.311,
2023-08-15,5.3,5.33,5.33,1743.784,
2023-08-16,5.3,5.33,5.33,1796.725,8145727.0
2023-08-17,5.3,5.33,5.33,1794.12,
2023-08-18,5.3,5.33,5.33,1819.201,
2023-08-19,,,5.33,,
2023-08-20,,,5.33,,
2023-08-21,5.3,5.33,5.33,1824.788,
2023-08-22,5.3,5.33,5.33,1812.294,
2023-08-23,5.3,5.33,5.33,1816.533,8139066.0
2023-08-24,5.3,5.33,5.33,1731.623,
2023-08-25,5.3,5.33,5.33,1687.379,
2023-08-26,,,5.33,,
2023-08-27,,,5.33,,
2023-08-28,5.3,5.33,5.33,1708.605,
2023-08-29,5.3,5.33,5.33,1693.278,
2023-08-30,5.3,5.33,5.33,1696.819,8121316.0
2023-08-31,5.31,5.33,5.33,1651.602,
2023-09-01,5.31,5.33,5.33,1574.065,
2023-09-02,,,5.33,,
2023-09-03,,,5.33,,
2023-09-04,,,5.33,,
2023-09-05,5.31,5.33,5.33,1568.49,
2023-09-06,5.3,5.33,5.33,1606.244,8101318.0
2023-09-07,5.31,5.33,5.33,1535.289,
2023-09-08,5.3,5.33,5.33,1525.403,
2023-09-09,,,5.33,,
2023-09-10,,,5.33,,
2023-09-11,5.3,5.33,5.33,1549.111,
2023-09-12,5.3,5.33,5.33,1493.781,
2023-09-13,5.3,5.33,5.33,1546.225,8098779.0
2023-09-14,5.3,5.33,5.33,1492.427,
2023-09-15,5.31,5.33,5.33,1401.403,
2023-09-16,,,5.33,,
2023-09-17,,,5.33,,
2023-09-18,5.31,5.33,5.33,1452.942,
2023-09-19,5.31,5.33,5.33,1453.324,
2023-09-20,5.3,5.33,5.33,1486.984,8024090.0
2023-09-21,5.3,5.33,5.33,1454.115,
2023-09-22,5.3,5.33,5.33,1427.575,
2023-09-23,,,5.33,,
2023-09-24,,,5.33,,
2023-09-25,5.31,5.33,5.33,1437.31,
2023-09-26,5.31,5.33,5.33,1438.301,
2023-09-27,5.32,5.33,5.33,1442.805,8002064.0
2023-09-28,5.31,5.33,5.33,1453.366,
2023-09-29,5.31,5.33,5.33,1557.569,
2023-09-30,,,5.33,,
2023-10-01,,,5.33,,
2023-10-02,5.32,5.33,5.33,1365.739,
2023-10-03,5.33,5.33,5.33,1348.465,
2023-10-04,5.32,5.33,5.33,1342.031,7955782.0
2023-10-05,5.32,5.33,5.33,1265.132,
2023-10-06,5.31,5.33,5.33,1283.461,
2023-10-07,,,5.33,,
2023-10-08,,,5.33,,
2023-10-09,,,5.33,,
2023-10-10,5.31,5.33,5.33,1222.44,
2023-10-11,5.31,5.33,5.33,1239.382,7952054.0
2023-10-12,5.31,5.33,5.33,1157.319,
2023-10-13,5.31,5.33,5.33,1151.818,
2023-10-14,,,5.33,,
2023-10-15,,,5.33,,
2023-10-16,5.31,5.33,5.33,1108.819,
2023-10-17,5.31,5.33,5.33,1082.502,
2023-10-18,5.3,5.33,5.33,1150.781,7933162.0
2023-10-19,5.3,5.33,5.33,1114.179,
2023-10-20,5.3,5.33,5.33,1138.756,
2023-10-21,,,5.33,,
2023-10-22,,,5.33,,
2023-10-23,5.3,5.33,5.33,1157.976,
2023-10-24,5.3,5.33,5.33,1097.875,
2023-10-25,5.3,5.33,5.33,1100.617,7907830.0
2023-10-26,5.31,5.33,5.33,1089.85,
2023-10-27,5.31,5.33,5.33,1091.858,
2023-10-28,,,5.33,,
2023-10-29,,,5.33,,
2023-10-30,5.31,5.33,5.33,1138.035,
2023-10-31,5.35,5.33,5.33,1137.697,
2023-11-01,5.32,5.33,5.33,1079.462,7866664.0
2023-11-02,5.33,5.33,5.33,1054.986,
2023-11-03,5.32,5.33,5.33,1071.139,
2023-11-04,,,5.33,,
2023-11-05,,,5.33,,
2023-11-06,5.32,5.33,5.33,1062.878,
2023-11-07,5.32,5.33,5.33,1008.685,
2023-11-08,5.32,5.33,5.33,1024.451,7860691.0
2023-11-09,5.32,5.33,5.33,993.314,
2023-11-10,5.32,5.33,5.33,1032.72,
2023-11-11,,,5.33,,
2023-11-12,,,5.33,,
2023-11-13,5.32,5.33,5.33,1020.272,
2023-11-14,5.32,5.33,5.33,988.298,
2023-11-15,5.32,5.33,5.33,944.241,7814991.0
2023-11-16,5.32,5.33,5.33,912.01,
2023-11-17,5.32,5.33,5.33,935.803,
2023-11-18,,,5.33,,
2023-11-19,,,5.33,,
2023-11-20,5.31,5.33,5.33,953.088,
2023-11-21,5.31,5.33,5.33,931.155,
2023-11-22,5.31,5.33,5.33,931.604,7810814.0
2023-11-23,,,5.33,,
2023-11-24,5.32,5.33,5.33,865.907,
2023-11-25,,,5.33,,
2023-11-26,,,5.33,,
2023-11-27,5.32,5.33,5.33,867.22,
2023-11-28,5.32,5.33,5.33,873.344,
2023-11-29,5.31,5.33,5.33,914.187,7796145.0
2023-11-30,5.33,5.33,5.33,887.822,
2023-12-01,5.39,5.33,5.33,768.543,
2023-12-02,,,5.33,,
2023-12-03,,,5.33,,
2023-12-04,5.37,5.33,5.33,815.847,
2023-12-05,5.33,5.33,5.33,834.428,
2023-12-06,5.32,5.33,5.33,846.498,7737385.0
2023-12-07,5.32,5.33,5.33,825.734,
2023-12-08,5.32,5.33,5.33,821.408,
2023-12-09,,,5.33,,
2023-12-10,,,5.33,,
2023-12-11,5.32,5.33,5.33,838.507,
2023-12-12,5.31,5.33,5.33,837.803,
2023-12-13,5.31,5.33,5.33,823.329,7739566.0
2023-12-14,5.31,5.33,5.33,769.346,
2023-12-15,5.32,5.33,5.33,683.254,
2023-12-16,,,5.33,,
2023-12-17,,,5.33,,
2023-12-18,5.32,5.33,5.33,724.704,
2023-12-19,5.31,5.33,5.33,773.082,
2023-12-20,5.31,5.33,5.33,779.143,7724063.0
2023-12-21,5.31,5.33,5.33,778.402,
2023-12-22,5.32,5.33,5.33,772.258,
2023-12-23,,,5.33,,
2023-12-24,,,5.33,,
2023-12-25,,,5.33,,
2023-12-26,5.35,5.33,5.33,793.937,
2023-12-27,5.39,5.33,5.33,818.869,7712781.0
2023-12-28,5.4,5.33,5.33,829.573,
2023-12-29,5.38,5.33,5.33,1018.483,
2023-12-30,,,5.33,,
2023-12-31,,,5.33,,
2024-01-01,,,5.33,,
2024-01-02,5.4,5.33,5.33,704.864,
2024-01-03,5.39,5.33,5.33,719.897,7681024.0
2024-01-04,5.32,5.33,5.33,664.899,
2024-01-05,5.31,5.33,5.33,694.478,
2024-01-06,,,5.33,,
2024-01-07,,,5.33,,
2024-01-08,5.31,5.33,5.33,691.485,
2024-01-09,5.31,5.33,5.33,676.05,
2024-01-10,5.31,5.33,5.33,679.961,7686710.0
2024-01-11,5.31,5.33,5.33,626.37,
2024-01-12,5.31,5.33,5.33,603.116,
2024-01-13,,,5.33,,
2024-01-14,,,5.33,,
2024-01-15,,,5.33,,
2024-01-16,5.32,5.33,5.33,583.103,
2024-01-17,5.32,5.33,5.33,590.191,7673741.0
2024-01-18,5.31,5.33,5.33,618.234,
2024-01-19,5.31,5.33,5.33,625.182,
2024-01-20,,,5.33,,
2024-01-21,,,5.33,,
2024-01-22,5.31,5.33,5.33,647.103,
2024-01-23,5.31,5.33,5.33,621.195,
2024-01-24,5.31,5.33,5.33,639.56,7677230.0
2024-01-25,5.32,5.33,5.33,557.687,
2024-01-26,5.32,5.33,5.33,570.828,
2024-01-27,,,5.33,,
2024-01-28,,,5.33,,
2024-01-29,5.31,5.33,5.33,581.41,
2024-01-30,5.31,5.33,5.33,577.755,
2024-01-31,5.32,5.33,5.33,615.379,7630124.0
2024-02-01,5.32,5.33,5.33,503.548,
2024-02-02,5.32,5.33,5.33,513.422,
2024-02-03,,,5.33,,
2024-02-04,,,5.33,,
2024-02-05,5.31,5.33,5.33,552.289,
2024-02-06,5.31,5.33,5.33,532.439,
2024-02-07,5.31,5.33,5.33,553.055,7631300.0
2024-02-08,5.31,5.33,5.33,535.705,
2024-02-09,5.31,5.33,5.33,569.175,
2024-02-10,,,5.33,,
2024-02-11,,,5.33,,
2024-02-12,5.31,5.33,5.33,581.568,
2024-02-13,5.31,5.33,5.33,553.684,
2024-02-14,5.3,5.33,5.33,575.332,7633874.0
2024-02-15,5.31,5.33,5.33,493.065,
2024-02-16,5.3,5.33,5.33,532.125,
2024-02-17,,,5.33,,
2024-02-18,,,5.33,,
2024-02-19,,,5.33,,
2024-02-20,5.3,5.33,5.33,530.879,
2024-02-21,5.3,5.33,5.33,574.882,7581683.0
2024-02-22,5.3,5.33,5.33,553.245,
2024-02-23,5.31,5.33,5.33,520.107,
2024-02-24,,,5.33,,
2024-02-25,,,5.33,,
2024-02-26,5.31,5.33,5.33,524.959,
2024-02-27,5.31,5.33,5.33,519.725,
2024-02-28,5.31,5.33,5.33,569.855,7567807.0
2024-02-29,5.32,5.33,5.33,502.074,
2024-03-01,5.31,5.33,5.33,441.265,
2024-03-02,,,5.33,,
2024-03-03,,,5.33,,
2024-03-04,5.31,5.33,5.33,439.793,
2024-03-05,5.31,5.33,5.33,444.474,
2024-03-06,5.31,5.33,5.33,456.847,7538857.0
2024-03-07,5.31,5.33,5.33,436.754,
2024-03-08,5.31,5.33,5.33,444.803,
2024-03-09,,,5.33,,
2024-03-10,,,5.33,,
2024-03-11,5.31,5.33,5.33,478.728,
2024-03-12,5.31,5.33,5.33,476.862,
2024-03-13,5.31,5.33,5.33,521.738,7541969.0
2024-03-14,5.31,5.33,5.33,483.573,
2024-03-15,5.31,5.33,5.33,413.877,
2024-03-16,,,5.33,,
2024-03-17,,,5.33,,
2024-03-18,5.31,5.33,5.33,440.596,
2024-03-19,5.31,5.33,5.33,446.978,
2024-03-20,5.31,5.33,5.33,496.245,7514348.0
2024-03-21,5.31,5.33,5.33,460.631,
2024-03-22,5.31,5.33,5.33,478.531,
2024-03-23,,,5.33,,
2024-03-24,,,5.33,,
2024-03-25,5.31,5.33,5.33,473.787,
2024-03-26,5.32,5.33,5.33,496.062,
2024-03-27,5.33,5.33,5.33,518.357,7484739.0
2024-03-28,5.34,5.33,5.33,594.428,
2024-03-29,,5.33,5.33,,
2024-03-30,,,5.33,,
2024-03-31,,,5.33,,
2024-04-01,5.35,5.33,5.33,441.903,
2024-04-02,5.34,5.33,5.33,448.424,
2024-04-03,5.32,5.33,5.33,436.631,7439558.0
2024-04-04,5.32,5.33,5.33,438.764,
2024-04-05,5.32,5.33,5.33,438.319,
2024-04-06,,,5.33,,
2024-04-07,,,5.33,,
2024-04-08,5.31,5.33,5.33,448.597,
2024-04-09,5.31,5.33,5.33,441.792,
2024-04-10,5.31,5.33,5.33,445.816,7438176.0
2024-04-11,5.31,5.33,5.33,455.361,
2024-04-12,5.31,5.33,5.33,407.322,
2024-04-13,,,5.33,,
2024-04-14,,,5.33,,
2024-04-15,5.32,5.33,5.33,327.066,
2024-04-16,5.31,5.33,5.33,371.554,
2024-04-17,5.31,5.33,5.33,440.508,7405506.0
2024-04-18,5.3,5.33,5.33,433.006,
2024-04-19,5.31,5.33,5.33,397.234,
2024-04-20,,,5.33,,
2024-04-21,,,5.33,,
2024-04-22,5.31,5.33,5.33,409.816,
2024-04-23,5.31,5.33,5.33,435.88,
2024-04-24,5.31,5.33,5.33,441.215,7402434.0
2024-04-25,5.31,5.33,5.33,443.928,
2024-04-26,5.32,5.33,5.33,464.912,
2024-04-27,,,5.33,,
2024-04-28,,,5.33,,
2024-04-29,5.32,5.33,5.33,505.53,
2024-04-30,5.34,5.33,5.33,534.234,
2024-05-01,5.32,5.33,5.33,438.148,7362474.0
2024-05-02,5.31,5.33,5.33,428.68,
2024-05-03,5.31,5.33,5.33,450.165,
2024-05-04,,,5.33,,
2024-05-05,,,5.33,,
2024-05-06,5.31,5.33,5.33,468.97,
2024-05-07,5.31,5.33,5.33,475.325,
2024-05-08,5.31,5.33,5.33,493.427,7353408.0
2024-05-09,5.31,5.33,5.33,458.55,
2024-05-10,5.31,5.33,5.33,486.434,
2024-05-11,,,5.33,,
2024-05-12,,,5.33,,
2024-05-13,5.31,5.33,5.33,492.068,
2024-05-14,5.31,5.33,5.33,468.344,
2024-05-15,5.31,5.33,5.33,443.779,7304272.0
2024-05-16,5.31,5.33,5.33,410.121,
2024-05-17,5.31,5.33,5.33,449.373,
2024-05-18,,,5.33,,
2024-05-19,,,5.33,,
2024-05-20,5.31,5.33,5.33,489.728,
2024-05-21,5.31,5.33,5.33,491.72,
2024-05-22,5.31,5.33,5.33,496.382,7299566.0
2024-05-23,5.31,5.33,5.33,467.398,
2024-05-24,5.32,5.33,5.33,431.239,
2024-05-25,,,5.33,,
2024-05-26,,,5.33,,
2024-05-27,,,5.33,,
2024-05-28,5.32,5.33,5.33,417.836,
2024-05-29,5.33,5.33,5.33,459.314,7284319.0
2024-05-30,5.33,5.33,5.33,452.034,
2024-05-31,5.34,5.33,5.33,439.806,
2024-06-01,,,5.33,,
2024-06-02,,,5.33,,
2024-06-03,5.35,5.33,5.33,387.069,
2024-06-04,5.33,5.33,5.33,377.825,
2024-06-05,5.33,5.33,5.33,371.841,7255687.0
2024-06-06,5.33,5.33,5.33,378.125,
2024-06-07,5.33,5.33,5.33,395.462,
2024-06-08,,,5.33,,
2024-06-09,,,5.33,,
2024-06-10,5.32,5.33,5.33,416.481,
2024-06-11,5.32,5.33,5.33,410.449,
2024-06-12,5.31,5.33,5.33,447.574,7258974.0
2024-06-13,5.31,5.33,5.33,429.864,
2024-06-14,5.31,5.33,5.33,386.885,
2024-06-15,,,5.33,,
2024-06-16,,,5.33,,
2024-06-17,5.33,5.33,5.33,333.429,
2024-06-18,5.33,5.33,5.33,375.542,
2024-06-19,,,5.33,,7252542.0
2024-06-20,5.32,5.33,5.33,388.841,
2024-06-21,5.31,5.33,5.33,421.04,
2024-06-22,,,5.33,,
2024-06-23,,,5.33,,
2024-06-24,5.31,5.33,5.33,435.916,
2024-06-25,5.33,5.33,5.33,466.31,
2024-06-26,5.34,5.33,5.33,490.156,7231163.0
2024-06-27,5.34,5.33,5.33,531.692,
2024-06-28,5.33,5.33,5.33,664.57,
2024-06-29,,,5.33,,
2024-06-30,,,5.33,,
2024-07-01,5.4,5.33,5.33,451.783,
2024-07-02,5.35,5.33,5.33,443.369,
2024-07-03,5.33,5.33,5.33,425.898,7221520.0
2024-07-04,,,5.33,,
2024-07-05,5.32,5.33,5.33,390.632,
2024-07-06,,,5.33,,
2024-07-07,,,5.33,,
2024-07-08,5.32,5.33,5.33,415.257,
2024-07-09,5.34,5.33,5.33,423.152,
2024-07-10,5.34,5.33,5.33,422.147,7224079.0
2024-07-11,5.34,5.33,5.33,403.708,
2024-07-12,5.34,5.33,5.33,406.59,
2024-07-13,,,5.33,,
2024-07-14,,,5.33,,
2024-07-15,5.34,5.33,5.33,413.28,
2024-07-16,5.35,5.33,5.33,409.594,
2024-07-17,5.35,5.33,5.33,399.401,7208247.0
2024-07-18,5.34,5.33,5.33,391.652,
2024-07-19,5.34,5.33,5.33,379.801,
2024-07-20,,,5.33,,
2024-07-21,,,5.33,,
2024-07-22,5.33,5.33,5.33,395.901,
2024-07-23,5.34,5.33,5.33,389.837,
2024-07-24,5.34,5.33,5.33,399.121,7205455.0
2024-07-25,5.35,5.33,5.33,377.433,
2024-07-26,5.35,5.33,5.33,381.257,
2024-07-27,,,5.33,,
2024-07-28,,,5.33,,
2024-07-29,5.33,5.33,5.33,385.281,
2024-07-30,5.33,5.33,5.33,367.054,
2024-07-31,5.38,5.33,5.33,413.2,7178391.0
2024-08-01,5.35,5.33,5.33,348.885,
2024-08-02,5.35,5.33,5.33,338.473,
2024-08-03,,,5.33,,
2024-08-04,,,5.33,,
2024-08-05,5.32,5.33,5.33,316.246,
2024-08-06,5.33,5.33,5.33,291.958,
2024-08-07,5.33,5.33,5.33,286.66,7175256.0
2024-08-08,5.34,5.33,5.33,303.159,
2024-08-09,5.34,5.33,5.33,312.198,
2024-08-10,,,5.33,,
2024-08-11,,,5.33,,
2024-08-12,5.34,5.33,5.33,328.641,
2024-08-13,5.34,5.33,5.33,324.494,
2024-08-14,5.33,5.33,5.33,328.472,7177688.0
2024-08-15,5.35,5.33,5.33,307.141,
2024-08-16,5.32,5.33,5.33,330.317,
2024-08-17,,,5.33,,
2024-08-18,,,5.33,,
2024-08-19,5.32,5.33,5.33,333.583,
2024-08-20,5.32,5.33,5.33,310.819,
2024-08-21,5.31,5.33,5.33,321.329,7139952.0
2024-08-22,5.31,5.33,5.33,316.777,
2024-08-23,5.33,5.33,5.33,312.896,
2024-08-24,,,5.33,,
2024-08-25,,,5.33,,
2024-08-26,5.34,5.33,5.33,353.557,
2024-08-27,5.35,5.33,5.33,344.045,
2024-08-28,5.35,5.33,5.33,388.89,7123238.0
2024-08-29,5.33,5.33,5.33,383.434,
2024-08-30,5.32,5.33,5.33,433.13,
2024-08-31,,,5.33,,
2024-09-01,,,5.33,,
2024-09-02,,,5.33,,
2024-09-03,5.34,5.33,5.33,349.808,
2024-09-04,5.35,5.33,5.33,337.312,7112567.0
2024-09-05,5.35,5.33,5.33,291.091,
2024-09-06,5.34,5.33,5.33,299.271,
2024-09-07,,,5.33,,
2024-09-08,,,5.33,,
2024-09-09,5.34,5.33,5.33,292.158,
2024-09-10,5.33,5.33,5.33,281.392,
2024-09-11,5.32,5.33,5.33,279.215,7115001.0
2024-09-12,5.33,5.33,5.33,294.464,
2024-09-13,5.33,5.33,5.33,284.951,
2024-09-14,,,5.33,,
2024-09-15,,,5.33,,
2024-09-16,5.38,5.33,5.33,239.386,
2024-09-17,5.38,5.33,5.33,256.337,
2024-09-18,5.33,5.33,5.33,305.831,7109137.0
2024-09-19,4.82,4.83,4.83,311.777,
2024-09-20,4.83,4.83,4.83,339.316,
2024-09-21,,,4.83,,
2024-09-22,,,4.83,,
2024-09-23,4.83,4.83,4.83,380.372,
2024-09-24,4.84,4.83,4.83,388.977,
2024-09-25,4.84,4.83,4.83,416.193,7080059.0
2024-09-26,4.83,4.83,4.83,424.916,
2024-09-27,4.84,4.83,4.83,436.518,
2024-09-28,,,4.83,,
2024-09-29,,,4.83,,
2024-09-30,4.96,4.83,4.83,465.638,
2024-10-01,5.05,4.83,4.83,375.221,
2024-10-02,4.92,4.83,4.83,383.398,7046925.0
2024-10-03,4.85,4.83,4.83,341.248,
2024-10-04,4.83,4.83,4.83,330.012,
2024-10-05,,,4.83,,
2024-10-06,,,4.83,,
2024-10-07,4.83,4.83,4.83,322.948,
2024-10-08,4.84,4.83,4.83,325.355,
2024-10-09,4.83,4.83,4.83,343.448,7046840.0
2024-10-10,4.82,4.83,4.83,322.587,
2024-10-11,4.81,4.83,4.83,331.735,
2024-10-12,,,4.83,,
2024-10-13,,,4.83,,
2024-10-14,,,4.83,,
2024-10-15,4.86,4.83,4.83,286.398,
2024-10-16,4.86,4.83,4.83,272.028,7039284.0
2024-10-17,4.85,4.83,4.83,262.21,
2024-10-18,4.84,4.83,4.83,259.892,
2024-10-19,,,4.83,,
2024-10-20,,,4.83,,
2024-10-21,4.82,4.83,4.83,261.044,
2024-10-22,4.83,4.83,4.83,237.76,
2024-10-23,4.83,4.83,4.83,270.839,7029408.0
2024-10-24,4.83,4.83,4.83,202.798,
2024-10-25,4.83,4.83,4.83,227.0,
2024-10-26,,,4.83,,
2024-10-27,,,4.83,,
2024-10-28,4.82,4.83,4.83,251.032,
2024-10-29,4.82,4.83,4.83,244.841,
2024-10-30,4.81,4.83,4.83,228.946,7013490.0
2024-10-31,4.9,4.83,4.83,201.278,
2024-11-01,4.86,4.83,4.83,155.476,
2024-11-02,,,4.83,,
2024-11-03,,,4.83,,
2024-11-04,4.82,4.83,4.83,171.885,
2024-11-05,4.82,4.83,4.83,144.243,
2024-11-06,4.81,4.83,4.83,177.871,6994299.0
2024-11-07,4.82,4.83,4.83,159.002,
2024-11-08,4.6,4.58,4.58,163.621,
2024-11-09,,,4.58,,
2024-11-10,,,4.58,,
2024-11-11,,,4.58,,
2024-11-12,4.6,4.58,4.58,178.814,
2024-11-13,4.59,4.58,4.58,238.106,6967108.0
2024-11-14,4.58,4.58,4.58,214.509,
2024-11-15,4.57,4.58,4.58,172.4,
2024-11-16,,,4.58,,
2024-11-17,,,4.58,,
2024-11-18,4.57,4.58,4.58,200.03,
2024-11-19,4.57,4.58,4.58,200.664,
2024-11-20,4.56,4.58,4.58,217.793,6923731.0
2024-11-21,4.57,4.58,4.58,188.567,
2024-11-22,4.57,4.58,4.58,204.254,
2024-11-23,,,4.58,,
2024-11-24,,,4.58,,
2024-11-25,4.58,4.58,4.58,186.749,
2024-11-26,4.58,4.58,4.58,148.823,
2024-11-27,4.57,4.58,4.58,169.815,6905140.0
2024-11-28,,,4.58,,
2024-11-29,4.59,4.58,4.58,197.627,
2024-11-30,,,4.58,,
2024-12-01,,,4.58,,
2024-12-02,4.64,4.58,4.58,135.858,
2024-12-03,4.64,4.58,4.58,161.572,
2024-12-04,4.59,4.58,4.58,162.866,6895827.0
2024-12-05,4.59,4.58,4.58,131.964,
2024-12-06,4.6,4.58,4.58,130.014,
2024-12-07,,,4.58,,
2024-12-08,,,4.58,,
2024-12-09,4.63,4.58,4.58,153.029,
2024-12-10,4.64,4.58,4.58,174.842,
2024-12-11,4.62,4.58,4.58,180.12,6897485.0
2024-12-12,4.62,4.58,4.58,165.025,
2024-12-13,4.6,4.58,4.58,135.777,
2024-12-14,,,4.58,,
2024-12-15,,,4.58,,
2024-12-16,4.65,4.58,4.58,110.753,
2024-12-17,4.62,4.58,4.58,118.093,
2024-12-18,4.57,4.58,4.58,131.651,6889332.0
2024-12-19,4.3,4.33,4.33,112.417,
2024-12-20,4.3,4.33,4.33,98.356,
2024-12-21,,,4.33,,
2024-12-22,,,4.33,,
2024-12-23,4.31,4.33,4.33,116.004,
2024-12-24,4.4,4.33,4.33,180.989,
2024-12-25,,,4.33,,6885963.0
2024-12-26,4.53,4.33,4.33,196.818,
2024-12-27,4.46,4.33,4.33,268.739,
2024-12-28,,,4.33,,
2024-12-29,,,4.33,,
2024-12-30,4.37,4.33,4.33,260.743,
2024-12-31,4.49,4.33,4.33,473.46,
2025-01-01,,,4.33,,6852491.0
2025-01-02,4.4,4.33,4.33,239.858,
2025-01-03,4.31,4.33,4.33,237.377,
2025-01-04,,,4.33,,
2025-01-05,,,4.33,,
2025-01-06,4.27,4.33,4.33,231.926,
2025-01-07,4.27,4.33,4.33,208.296,
2025-01-08,4.29,4.33,4.33,185.144,6853554.0
2025-01-09,4.3,4.33,4.33,168.225,
2025-01-10,4.3,4.33,4.33,178.8,
2025-01-11,,,4.33,,
2025-01-12,,,4.33,,
2025-01-13,4.29,4.33,4.33,183.669,
2025-01-14,4.28,4.33,4.33,160.219,
2025-01-15,4.28,4.33,4.33,119.977,6834070.0
2025-01-16,4.29,4.33,4.33,94.489,
2025-01-17,4.29,4.33,4.33,118.327,
2025-01-18,,,4.33,,
2025-01-19,,,4.33,,
2025-01-20,,,4.33,,
2025-01-21,4.29,4.33,4.33,96.015,
2025-01-22,4.3,4.33,4.33,123.981,6831760.0
2025-01-23,4.35,4.33,4.33,132.031,
2025-01-24,4.34,4.33,4.33,104.972,
2025-01-25,,,4.33,,
2025-01-26,,,4.33,,
2025-01-27,4.34,4.33,4.33,92.863,
2025-01-28,4.35,4.33,4.33,112.76,
2025-01-29,4.35,4.33,4.33,121.842,6818186.0
2025-01-30,4.36,4.33,4.33,125.965,
2025-01-31,4.38,4.33,4.33,187.913,
2025-02-01,,,4.33,,
2025-02-02,,,4.33,,
2025-02-03,4.35,4.33,4.33,97.781,
2025-02-04,4.33,4.33,4.33,85.654,
2025-02-05,4.33,4.33,4.33,78.788,6810935.0
2025-02-06,4.36,4.33,4.33,79.983,
2025-02-07,4.35,4.33,4.33,95.248,
2025-02-08,,,4.33,,
2025-02-09,,,4.33,,
2025-02-10,4.35,4.33,4.33,99.653,
2025-02-11,4.34,4.33,4.33,76.446,
2025-02-12,4.32,4.33,4.33,67.67,6813513.0
2025-02-13,4.33,4.33,4.33,67.82,
2025-02-14,4.33,4.33,4.33,58.77,
2025-02-15,,,4.33,,
2025-02-16,,,4.33,,
2025-02-17,,,4.33,,
2025-02-18,4.37,4.33,4.33,77.817,
2025-02-19,4.35,4.33,4.33,73.196,6782332.0
2025-02-20,4.33,4.33,4.33,63.207,
2025-02-21,4.34,4.33,4.33,68.983,
2025-02-22,,,4.33,,
2025-02-23,,,4.33,,
2025-02-24,4.34,4.33,4.33,76.818,
2025-02-25,4.33,4.33,4.33,96.0,
2025-02-26,4.33,4.33,4.33,126.058,6766101.0
2025-02-27,4.36,4.33,4.33,182.148,
2025-02-28,4.39,4.33,4.33,234.422,
2025-03-01,,,4.33,,
2025-03-02,,,4.33,,
2025-03-03,4.33,4.33,4.33,119.987,
2025-03-04,4.33,4.33,4.33,135.257,
2025-03-05,4.34,4.33,4.33,139.493,6756764.0
2025-03-06,4.35,4.33,4.33,129.269,
2025-03-07,4.34,4.33,4.33,136.305,
2025-03-08,,,4.33,,
2025-03-09,,,4.33,,
2025-03-10,4.33,4.33,4.33,129.054,
2025-03-11,4.32,4.33,4.33,137.31,
2025-03-12,4.31,4.33,4.33,131.055,6759571.0
2025-03-13,4.3,4.33,4.33,113.435,
2025-03-14,4.3,4.33,4.33,126.234,
2025-03-15,,,4.33,,
2025-03-16,,,4.33,,
2025-03-17,4.32,4.33,4.33,89.496,
2025-03-18,4.31,4.33,4.33,149.503,
2025-03-19,4.29,4.33,4.33,193.378,6755982.0
2025-03-20,4.29,4.33,4.33,192.64,
2025-03-21,4.3,4.33,4.33,200.85,
2025-03-22,,,4.33,,
2025-03-23,,,4.33,,
2025-03-24,4.31,4.33,4.33,196.565,
2025-03-25,4.33,4.33,4.33,214.786,
2025-03-26,4.35,4.33,4.33,241.371,6740253.0
2025-03-27,4.36,4.33,4.33,291.785,
2025-03-28,4.34,4.33,4.33,286.575,
2025-03-29,,,4.33,,
2025-03-30,,,4.33,,
2025-03-31,4.41,4.33,4.33,399.167,
2025-04-01,4.39,4.33,4.33,230.063,
2025-04-02,4.37,4.33,4.33,233.488,6723452.0
2025-04-03,4.39,4.33,4.33,196.265,
2025-04-04,4.35,4.33,4.33,184.499,
2025-04-05,,,4.33,,
2025-04-06,,,4.33,,
2025-04-07,4.33,4.33,4.33,148.146,
2025-04-08,4.4,4.33,4.33,156.911,
2025-04-09,4.42,4.33,4.33,168.115,6727416.0
2025-04-10,4.37,4.33,4.33,129.95,
2025-04-11,4.33,4.33,4.33,98.531,
2025-04-12,,,4.33,,
2025-04-13,,,4.33,,
2025-04-14,4.33,4.33,4.33,102.838,
2025-04-15,4.36,4.33,4.33,88.878,
2025-04-16,4.31,4.33,4.33,54.772,6727113.0
2025-04-17,4.32,4.33,4.33,58.6,
2025-04-18,,4.33,4.33,,
2025-04-19,,,4.33,,
2025-04-20,,,4.33,,
2025-04-21,4.32,4.33,4.33,114.114,
2025-04-22,4.3,4.33,4.33,137.951,
2025-04-23,4.28,4.33,4.33,171.78,6726930.0
2025-04-24,4.29,4.33,4.33,130.004,
2025-04-25,4.33,4.33,4.33,94.021,
2025-04-26,,,4.33,,
2025-04-27,,,4.33,,
2025-04-28,4.36,4.33,4.33,148.649,
2025-04-29,4.36,4.33,4.33,157.537,
2025-04-30,4.41,4.33,4.33,250.601,6709277.0
2025-05-01,4.39,4.33,4.33,157.353,
2025-05-02,4.36,4.33,4.33,147.882,
2025-05-03,,,4.33,,
2025-05-04,,,4.33,,
2025-05-05,4.33,4.33,4.33,124.69,
2025-05-06,4.32,4.33,4.33,129.858,
2025-05-07,4.3,4.33,4.33,154.859,6710889.0
2025-05-08,4.29,4.33,4.33,139.768,
2025-05-09,4.28,4.33,4.33,142.272,
2025-05-10,,,4.33,,
2025-05-11,,,4.33,,
2025-05-12,4.28,4.33,4.33,147.505,
2025-05-13,4.3,4.33,4.33,144.214,
2025-05-14,4.29,4.33,4.33,165.024,6713270.0
2025-05-15,4.31,4.33,4.33,109.436,
2025-05-16,4.3,4.33,4.33,136.799,
2025-05-17,,,4.33,,
2025-05-18,,,4.33,,
2025-05-19,4.29,4.33,4.33,180.417,
2025-05-20,4.27,4.33,4.33,136.033,
2025-05-21,4.26,4.33,4.33,162.802,6688726.0
2025-05-22,4.26,4.33,4.33,173.018,
2025-05-23,4.26,4.33,4.33,154.841,
2025-05-24,,,4.33,,
2025-05-25,,,4.33,,
2025-05-26,,,4.33,,
2025-05-27,4.31,4.33,4.33,138.066,
2025-05-28,4.33,4.33,4.33,173.641,6673244.0
2025-05-29,4.33,4.33,4.33,165.66,
2025-05-30,4.35,4.33,4.33,315.657,
2025-05-31,,,4.33,,
2025-06-01,,,4.33,,
2025-06-02,4.35,4.33,4.33,135.841,
2025-06-03,4.32,4.33,4.33,153.177,
2025-06-04,4.28,4.33,4.33,168.882,6672885.0
2025-06-05,4.29,4.33,4.33,152.727,
2025-06-06,4.29,4.33,4.33,149.284,
2025-06-07,,,4.33,,
2025-06-08,,,4.33,,
2025-06-09,4.29,4.33,4.33,179.315,
2025-06-10,4.28,4.33,4.33,182.725,
2025-06-11,4.28,4.33,4.33,204.625,6677155.0
2025-06-12,4.28,4.33,4.33,181.417,
2025-06-13,4.28,4.33,4.33,168.645,
2025-06-14,,,4.33,,
2025-06-15,,,4.33,,
2025-06-16,4.32,4.33,4.33,140.759,
2025-06-17,4.31,4.33,4.33,168.939,
2025-06-18,4.28,4.33,4.33,205.05,6681056.0
2025-06-19,,,4.33,,
2025-06-20,4.29,4.33,4.33,138.283,
2025-06-21,,,4.33,,
2025-06-22,,,4.33,,
2025-06-23,4.29,4.33,4.33,165.319,
2025-06-24,4.3,4.33,4.33,187.367,
2025-06-25,4.36,4.33,4.33,210.879,6662200.0
2025-06-26,4.4,4.33,4.33,252.432,
2025-06-27,4.39,4.33,4.33,285.742,
2025-06-28,,,4.33,,
2025-06-29,,,4.33,,
2025-06-30,4.45,4.33,4.33,460.731,
2025-07-01,4.44,4.33,4.33,245.53,
2025-07-02,4.4,4.33,4.33,237.307,6659598.0
2025-07-03,4.35,4.33,4.33,214.665,
2025-07-04,,,4.33,,
2025-07-05,,,4.33,,
2025-07-06,,,4.33,,
2025-07-07,4.33,4.33,4.33,218.03,
2025-07-08,4.34,4.33,4.33,219.415,
2025-07-09,4.32,4.33,4.33,227.273,6661912.0
2025-07-10,4.31,4.33,4.33,183.339,
2025-07-11,4.31,4.33,4.33,181.637,
2025-07-12,,,4.33,,
2025-07-13,,,4.33,,
2025-07-14,4.33,4.33,4.33,217.841,
2025-07-15,4.37,4.33,4.33,198.277,
2025-07-16,4.34,4.33,4.33,197.086,6659273.0
2025-07-17,4.34,4.33,4.33,193.66,
2025-07-18,4.3,4.33,4.33,199.298,
2025-07-19,,,4.33,,
2025-07-20,,,4.33,,
2025-07-21,4.28,4.33,4.33,213.666,
2025-07-22,4.28,4.33,4.33,196.374,
2025-07-23,4.28,4.33,4.33,189.632,6657715.0
2025-07-24,4.3,4.33,4.33,132.186,
2025-07-25,4.36,4.33,4.33,150.509,
2025-07-26,,,4.33,,
2025-07-27,,,4.33,,
2025-07-28,4.36,4.33,4.33,170.463,
2025-07-29,4.36,4.33,4.33,171.018,
2025-07-30,4.32,4.33,4.33,155.481,6642578.0
2025-07-31,4.39,4.33,4.33,214.445,
2025-08-01,4.34,4.33,4.33,97.426,
2025-08-02,,,4.33,,
2025-08-03,,,4.33,,
2025-08-04,4.33,4.33,4.33,125.73,
2025-08-05,4.34,4.33,4.33,84.356,
2025-08-06,4.34,4.33,4.33,91.966,6640843.0
2025-08-07,4.35,4.33,4.33,77.961,
2025-08-08,4.35,4.33,4.33,80.303,
2025-08-09,,,4.33,,
2025-08-10,,,4.33,,
2025-08-11,4.34,4.33,4.33,82.214,
2025-08-12,4.36,4.33,4.33,57.492,
2025-08-13,4.33,4.33,4.33,57.202,6643615.0
2025-08-14,4.34,4.33,4.33,28.818,
2025-08-15,4.36,4.33,4.33,33.757,
2025-08-16,,,4.33,,
2025-08-17,,,4.33,,
2025-08-18,4.34,4.33,4.33,38.24,
2025-08-19,4.33,4.33,4.33,22.344,
2025-08-20,4.31,4.33,4.33,34.999,6618415.0
2025-08-21,4.32,4.33,4.33,25.358,
2025-08-22,4.36,4.33,4.33,36.275,
2025-08-23,,,4.33,,
2025-08-24,,,4.33,,
2025-08-25,4.37,4.33,4.33,47.567,
2025-08-26,4.38,4.33,4.33,28.574,
2025-08-27,4.36,4.33,4.33,34.744,6603384.0
2025-08-28,4.34,4.33,4.33,31.966,
2025-08-29,4.34,4.33,4.33,77.898,
2025-08-30,,,4.33,,
2025-08-31,,,4.33,,
2025-09-01,,,4.33,,
2025-09-02,4.39,4.33,4.33,21.066,
2025-09-03,4.39,4.33,4.33,17.923,6602071.0
2025-09-04,4.41,4.33,4.33,20.128,
2025-09-05,4.42,4.33,4.33,20.997,
2025-09-06,,,4.33,,
2025-09-07,,,4.33,,
2025-09-08,4.4,4.33,4.33,19.416,
2025-09-09,4.4,4.33,4.33,22.915,
2025-09-10,4.39,4.33,4.33,29.4,6605962.0
2025-09-11,4.41,4.33,4.33,26.897,
2025-09-12,4.42,4.33,4.33,17.331,
2025-09-13,,,4.33,,
2025-09-14,,,4.33,,
2025-09-15,4.51,4.33,4.33,16.954,
2025-09-16,4.39,4.33,4.33,18.817,
2025-09-17,4.38,4.33,4.33,13.963,6608597.0
2025-09-18,4.14,4.08,4.08,13.707,
2025-09-19,4.14,4.08,4.08,11.363,
2025-09-20,,,4.08,,
2025-09-21,,,4.08,,
2025-09-22,4.14,4.09,4.09,14.173,
2025-09-23,4.12,4.09,4.09,14.402,
2025-09-24,4.13,4.09,4.09,29.172,6608395.0
2025-09-25,4.18,4.09,4.09,25.369,
2025-09-26,4.16,4.09,4.09,48.073,
2025-09-27,,,4.09,,
2025-09-28,,,4.09,,
2025-09-29,4.13,4.09,4.09,56.22,
2025-09-30,4.24,4.09,4.09,49.071,
2025-10-01,4.2,4.09,4.09,10.179,6587119.0
2025-10-02,4.2,4.09,4.09,8.436,
2025-10-03,4.18,4.09,4.09,25.392,
2025-10-04,,,4.09,,
2025-10-05,,,4.09,,
2025-10-06,4.15,4.09,4.09,21.776,
2025-10-07,4.14,4.09,4.09,4.622,
2025-10-08,4.12,4.1,4.1,5.231,6590815.0
2025-10-09,4.13,4.1,4.1,4.496,
2025-10-10,4.15,4.1,4.1,4.124,
2025-10-11,,,4.1,,
2025-10-12,,,4.1,,
2025-10-13,,,4.1,,
2025-10-14,4.19,4.1,4.1,3.516,
2025-10-15,4.29,4.1,4.1,5.484,6596454.0
2025-10-16,4.3,4.11,4.11,6.96,
2025-10-17,4.18,4.11,4.11,4.102,
2025-10-18,,,4.11,,
2025-10-19,,,4.11,,
2025-10-20,4.16,4.11,4.11,5.931,
2025-10-21,4.23,4.11,4.11,4.699,
2025-10-22,4.21,4.11,4.11,4.005,6589533.0
2025-10-23,4.24,4.11,4.11,6.941,
2025-10-24,4.24,4.11,4.11,2.435,
2025-10-25,,,4.11,,
2025-10-26,,,4.11,,
2025-10-27,4.27,4.12,4.12,10.642,
2025-10-28,4.31,4.12,4.12,14.096,
2025-10-29,4.27,4.12,4.12,19.504,6587034.0
2025-10-30,4.04,3.87,3.87,19.166,
2025-10-31,4.22,3.86,3.86,51.802,
2025-11-01,,,3.86,,
2025-11-02,,,3.86,,
2025-11-03,4.13,3.87,3.87,23.792,
2025-11-04,4.0,3.87,3.87,16.983,
2025-11-05,3.91,3.87,3.87,12.814,6572732.0
2025-11-06,3.92,3.87,3.87,10.754,
2025-11-07,3.93,3.87,3.87,4.903,
2025-11-08,,,3.87,,
2025-11-09,,,3.87,,
2025-11-10,3.95,3.87,3.87,7.152,
2025-11-11,,,3.87,,
2025-11-12,3.98,3.87,3.87,5.886,6580462.0
2025-11-13,4.0,3.88,3.88,3.761,
2025-11-14,3.95,3.88,3.88,1.559,
2025-11-15,,,3.88,,
2025-11-16,,,3.88,,
2025-11-17,4.0,3.88,3.88,3.172,
2025-11-18,3.94,3.88,3.88,0.905,
2025-11-19,3.91,3.88,3.88,1.129,6555283.0
2025-11-20,3.91,3.88,3.88,6.52,
2025-11-21,3.93,3.88,3.88,2.503,
2025-11-22,,,3.88,,
2025-11-23,,,3.88,,
2025-11-24,3.96,3.88,3.88,1.077,
2025-11-25,4.01,3.88,3.88,2.314,
2025-11-26,4.05,3.88,3.88,2.217,6552419.0
2025-11-27,,,3.88,,
2025-11-28,4.12,3.89,3.89,7.561,
2025-11-29,,,3.89,,
2025-11-30,,,3.89,,
2025-12-01,4.12,3.89,3.89,3.24,
2025-12-02,4.01,3.89,3.89,5.62,
2025-12-03,3.95,3.89,3.89,2.514,6535781.0
2025-12-04,3.92,3.89,3.89,2.233,
2025-12-05,3.93,3.89,3.89,1.485,
2025-12-06,,,3.89,,
2025-12-07,,,3.89,,
2025-12-08,3.95,3.89,3.89,1.703,
2025-12-09,3.93,3.89,3.89,3.211,
2025-12-10,3.9,3.89,3.89,5.045,6539303.0
2025-12-11,3.66,3.64,3.64,2.874,
2025-12-12,3.67,3.64,3.64,0.838,
2025-12-13,,,3.64,,
2025-12-14,,,3.64,,
2025-12-15,3.75,3.64,3.64,2.601,
2025-12-16,3.69,3.64,3.64,1.554,
2025-12-17,3.69,3.64,3.64,10.361,6556861.0
2025-12-18,3.66,3.64,3.64,11.708,
2025-12-19,3.66,3.64,3.64,3.047,
2025-12-20,,,3.64,,
2025-12-21,,,3.64,,
2025-12-22,3.68,3.64,3.64,1.523,
2025-12-23,3.66,3.64,3.64,5.893,
2025-12-24,3.66,3.64,3.64,4.803,6581231.0
2025-12-25,,,3.64,,
2025-12-26,3.76,3.64,3.64,20.339,
2025-12-27,,,3.64,,
2025-12-28,,,3.64,,
2025-12-29,3.77,3.64,3.64,10.551,
2025-12-30,3.71,3.64,3.64,12.605,
2025-12-31,3.87,3.64,3.64,105.993,6640618.0
2026-01-01,,,3.64,,
2026-01-02,3.75,3.64,3.64,5.667,
2026-01-03,,,3.64,,
2026-01-04,,,3.64,,
2026-01-05,3.7,3.64,3.64,6.485,
2026-01-06,3.66,3.64,3.64,2.582,
2026-01-07,3.65,3.64,3.64,4.582,6573602.0
2026-01-08,3.64,3.64,3.64,3.083,
2026-01-09,3.64,3.64,3.64,3.28,
2026-01-10,,,3.64,,
2026-01-11,,,3.64,,
2026-01-12,3.64,3.64,3.64,3.402,
2026-01-13,3.65,3.64,3.64,3.277,
2026-01-14,3.64,3.64,3.64,3.223,6581700.0
2026-01-15,3.66,3.64,3.64,2.003,
2026-01-16,3.65,3.64,3.64,1.222,
2026-01-17,,,3.64,,
2026-01-18,,,3.64,,
2026-01-19,,,3.64,,
2026-01-20,3.64,3.64,3.64,3.506,
2026-01-21,3.63,3.64,3.64,3.344,6584580.0
2026-01-22,3.64,3.64,3.64,2.058,
2026-01-23,3.65,3.64,3.64,0.927,
2026-01-24,,,3.64,,
2026-01-25,,,3.64,,
2026-01-26,3.66,3.64,3.64,1.489,
2026-01-27,3.66,3.64,3.64,1.253,
2026-01-28,3.64,3.64,3.64,1.103,6587568.0
2026-01-29,3.65,3.64,3.64,2.852,
2026-01-30,3.68,3.64,3.64,9.629,
2026-01-31,,,3.64,,
2026-02-01,,,3.64,,
2026-02-02,3.69,3.64,3.64,10.415,
2026-02-03,3.69,3.64,3.64,1.785,
2026-02-04,3.65,3.64,3.64,2.414,6605909.0
2026-02-05,3.65,3.64,3.64,1.748,
2026-02-06,3.64,3.64,3.64,3.111,
2026-02-07,,,3.64,,
2026-02-08,,,3.64,,
2026-02-09,3.63,3.64,3.64,1.306,
2026-02-10,3.65,3.64,3.64,1.447,
2026-02-11,3.65,3.64,3.64,1.048,6622382.0
2026-02-12,3.65,3.64,3.64,2.844,
2026-02-13,3.66,3.64,3.64,0.377,
2026-02-14,,,3.64,,
2026-02-15,,,3.64,,
2026-02-16,,,3.64,,
2026-02-17,3.71,3.64,3.64,0.441,
2026-02-18,3.73,3.64,3.64,0.856,6613395.0
2026-02-19,3.67,3.64,3.64,0.632,
2026-02-20,3.66,3.64,3.64,0.496,
2026-02-21,,,3.64,,
2026-02-22,,,3.64,,
2026-02-23,3.66,3.64,3.64,0.877,
2026-02-24,3.67,3.64,3.64,0.917,
2026-02-25,3.67,3.64,3.64,1.159,6613797.0
2026-02-26,3.67,3.64,3.64,3.796,
2026-02-27,3.68,3.64,3.64,16.318,
2026-02-28,,,3.64,,
2026-03-01,,,3.64,,
2026-03-02,3.71,3.64,3.64,0.627,
2026-03-03,3.7,3.64,3.64,1.203,
2026-03-04,3.67,3.64,3.64,0.877,6628894.0
2026-03-05,3.66,3.64,3.64,2.793,
2026-03-06,3.65,3.64,3.64,1.512,
2026-03-07,,,3.64,,
2026-03-08,,,3.64,,
2026-03-09,3.65,3.64,3.64,0.332,
2026-03-10,3.64,3.64,3.64,0.278,
2026-03-11,3.64,3.64,3.64,0.552,6646344.0
2026-03-12,3.65,3.64,3.64,0.137,
2026-03-13,3.65,3.64,3.64,0.427,
2026-03-14,,,3.64,,
2026-03-15,,,3.64,,
2026-03-16,3.7,3.64,3.64,0.582,
2026-03-17,3.65,3.64,3.64,0.797,
2026-03-18,3.62,3.64,3.64,0.698,6655939.0
2026-03-19,3.62,3.64,3.64,0.637,
2026-03-20,3.62,3.64,3.64,0.822,
2026-03-21,,,3.64,,
2026-03-22,,,3.64,,
2026-03-23,3.62,3.64,3.64,0.857,
2026-03-24,3.63,3.64,3.64,1.123,
2026-03-25,3.64,3.64,3.64,0.777,6657161.0
2026-03-26,3.65,3.64,3.64,0.885,
2026-03-27,3.63,3.64,3.64,0.992,
2026-03-28,,,3.64,,
2026-03-29,,,3.64,,
2026-03-30,3.63,3.64,3.64,0.752,
2026-03-31,3.68,3.64,3.64,15.782,
2026-04-01,3.65,3.64,3.64,2.107,6675344.0
2026-04-02,3.66,3.64,3.64,0.327,
2026-04-03,,3.64,3.64,,
2026-04-04,,,3.64,,
2026-04-05,,,3.64,,
2026-04-06,3.65,3.64,3.64,0.227,
2026-04-07,3.62,3.64,3.64,15.345,
2026-04-08,3.59,3.64,3.64,0.177,6693871.0
2026-04-09,3.57,3.64,3.64,0.402,
2026-04-10,3.61,3.64,3.64,0.507,
2026-04-11,,,3.64,,
2026-04-12,,,3.64,,
2026-04-13,3.63,3.64,3.64,0.227,
2026-04-14,3.66,3.64,3.64,0.306,
2026-04-15,3.72,3.64,3.64,0.223,6705696.0
2026-04-16,3.67,3.64,3.64,0.158,
2026-04-17,3.65,3.64,3.64,0.137,
2026-04-18,,,3.64,,
2026-04-19,,,3.64,,
2026-04-20,3.63,3.64,3.64,0.503,
2026-04-21,3.63,3.64,3.64,0.807,
2026-04-22,3.64,3.64,3.64,0.538,6707419.0
2026-04-23,3.65,3.64,3.64,0.114,
2026-04-24,3.66,3.64,3.64,0.082,
2026-04-25,,,3.64,,
2026-04-26,,,3.64,,
2026-04-27,3.66,3.64,3.64,0.363,
2026-04-28,3.64,3.64,3.64,0.643,
2026-04-29,3.63,3.64,3.64,0.747,6699950.0
2026-04-30,3.66,3.64,3.64,8.261,
2026-05-01,3.64,3.64,3.64,0.607,
2026-05-02,,,3.64,,
2026-05-03,,,3.64,,
2026-05-04,3.63,3.64,3.64,0.618,
2026-05-05,3.62,3.64,3.64,1.122,
2026-05-06,3.61,3.64,3.64,1.633,6709505.0
2026-05-07,3.6,3.63,3.63,0.773,
2026-05-08,3.6,3.63,3.63,0.787,
2026-05-09,,,3.63,,
2026-05-10,,,3.63,,
2026-05-11,3.6,3.63,3.63,1.133,
2026-05-12,3.6,3.63,3.63,1.199,
2026-05-13,3.59,3.63,3.63,3.719,6728502.0
2026-05-14,3.56,3.63,3.63,2.034,
2026-05-15,3.55,3.63,3.63,0.647,
2026-05-16,,,3.63,,
2026-05-17,,,3.63,,
2026-05-18,3.53,3.63,3.63,7.193,
2026-05-19,3.51,3.62,3.62,12.911,
2026-05-20,3.5,3.62,3.62,24.867,6713643.0
2026-05-21,3.51,3.62,3.62,3.281,
2026-05-22,3.55,3.62,3.62,0.965,
2026-05-23,,,3.62,,
2026-05-24,,,3.62,,
2026-05-25,,,3.62,,
2026-05-26,3.63,3.62,3.62,1.787,
2026-05-27,3.63,3.62,3.62,1.853,6704383.0
2026-05-28,3.62,3.62,3.62,1.163,
2026-05-29,3.63,3.62,3.62,11.677,
2026-05-30,,,3.62,,
2026-05-31,,,3.62,,
2026-06-01,3.65,3.62,3.62,1.302,
2026-06-02,3.63,3.62,3.62,2.502,
2026-06-03,3.61,3.62,3.62,2.062,6711495.0
2026-06-04,3.62,3.62,3.62,1.122,
2026-06-05,3.63,3.62,3.62,0.761,
2026-06-06,,,3.62,,
2026-06-07,,,3.62,,
2026-06-08,3.63,3.62,3.62,1.832,
2026-06-09,3.6,3.62,3.62,0.577,
2026-06-10,3.59,3.62,3.62,0.387,6725397.0
2026-06-11,3.6,3.62,3.62,0.46,
2026-06-12,3.65,3.62,3.62,0.454,
2026-06-13,,,3.62,,
2026-06-14,,,3.62,,
2026-06-15,3.69,3.63,3.63,0.581,
2026-06-16,3.63,3.63,3.63,10.721,
2026-06-17,3.63,3.63,3.63,6.828,6736424.0
2026-06-18,3.62,3.63,,0.251,
