auctionDate,securityType,securityTerm,highYield,interestRate,bidToCoverRatio,medianYield,lowYield,indirectBidderAccepted,directBidderAccepted,primaryDealerAccepted,totalAccepted,tail
2019-01-08,Note,3-Year,2.559,2.500000,2.44,,2.4,15852932900,6710000000,15271970000,38000062100,
2019-01-09,Note,9-Year 10-Month,2.728,3.125000,2.51,,2.288,13656624100,4981000000,5357000000,24000004600,
2019-01-10,Bond,29-Year 10-Month,3.035,3.375000,2.19,,2.588,9167181300,2550100000,4275503000,16000003500,
2019-01-28,Note,2-Year,2.6,2.500000,2.56,,2.5,21123600000,7572000000,10886200000,40000052800,
2019-01-28,Note,5-Year,2.576,2.500000,2.41,,2.47,24661640000,6238000000,10065644100,41000065400,
2019-01-29,Note,7-Year,2.625,2.625000,2.54,,2.5,18636886700,7966555000,5382401500,32000106200,
2019-02-05,Note,3-Year,2.502,2.500000,2.55,,2.4,17279500000,6980000000,13561250000,47151292800,
2019-02-06,Note,10-Year,2.689,2.625000,2.35,,2.585,16034659000,3286000000,7648410000,33502200100,
2019-02-07,Bond,30-Year,3.022,3.000000,2.27,,2.588,10702873200,3229100000,5060310000,23575631600,
2019-02-25,Note,5-Year,2.489,2.375000,2.4,,2.37,23617487400,9223000000,8122448800,42973156300,
2019-02-25,Note,2-Year,2.503,2.500000,2.5,,2.4,15236073600,8946000000,15330790000,41925084100,
2019-02-26,Note,7-Year,2.538,2.500000,2.6,,2.441,17646765000,9090235200,5246000000,33540102000,
2019-03-11,Note,3-Year,2.448,2.375000,2.56,,2.32,18728487500,3557000000,15525615000,38000072100,
2019-03-12,Note,9-Year 11-Month,2.615,2.625000,2.59,,2.188,16659122800,2178000000,5152777600,24000129600,
2019-03-13,Bond,29-Year 11-Month,3.014,3.000000,2.25,,2.588,9248035300,2248300000,4501463000,16000010200,
2019-03-26,Note,2-Year,2.261,2.250000,2.6,,1.888,22141205000,5243000000,12131900000,40000023200,
2019-03-27,Note,5-Year,2.172,2.125000,2.35,,2.05,24168002200,7063000000,9737000000,41000021100,
2019-03-28,Note,7-Year,2.281,2.250000,2.54,,2.15,20631720000,6627400000,4733080000,32000000900,
2019-04-09,Note,3-Year,2.301,2.250000,2.49,,1.988,16154520000,7074000000,14588040000,38005305000,
2019-04-10,Note,9-Year 10-Month,2.466,2.625000,2.55,,2.088,16395763000,2880000000,4706537500,24003370500,
2019-04-11,Bond,29-Year 10-Month,2.93,3.000000,2.25,,2.488,9672215000,2303362500,4021640000,16002247400,
2019-04-23,Note,2-Year,2.355,2.250000,2.51,,2.25,18940206900,6255660000,14477640200,40510736100,
2019-04-24,Note,5-Year,2.315,2.250000,2.44,,2.2,25186119000,6255250000,9525625000,41523527200,
2019-04-25,Note,7-Year,2.426,2.375000,2.49,,1.988,19279405000,6085200000,6576255000,32408620100,
2019-05-07,Note,3-Year,2.248,2.125000,2.48,,2.14,14378220000,7600000000,15936640000,50945077900,
2019-05-08,Note,10-Year,2.479,2.375000,2.17,,2.357,14390898000,3090000000,9497820000,36197798200,
2019-05-09,Bond,30-Year,2.892,2.875000,2.2,,2.65,11487788000,2086200000,5418212500,25472499400,
2019-05-28,Note,2-Year,2.125,2.125000,2.75,,2.02,18461106400,10766290000,10383000000,44201927600,
2019-05-28,Note,5-Year,2.065,2.000000,2.38,,1.98,23546695000,7523220200,9889970000,45307118300,
2019-05-29,Note,7-Year,2.144,2.125000,2.3,,2.0,18626540000,3611100000,9737150000,35361557000,
2019-06-11,Note,3-Year,1.861,1.750000,2.62,,1.388,21364141200,5048000000,11331890000,38000208300,
2019-06-12,Note,9-Year 11-Month,2.13,2.375000,2.49,,2.0,15730390000,3264840000,4994832000,24000002600,
2019-06-13,Bond,29-Year 11-Month,2.607,2.875000,2.32,,2.188,9718197000,2421200000,3850657000,16000010400,
2019-06-21,Note,9-Year 11-Month,2.065,2.375000,3.43,,2.03,0,0,25000400,25000400,
2019-06-25,Note,2-Year,1.695,1.625000,2.58,,1.57,19222960000,9589000000,10834025000,42287660200,
2019-06-26,Note,5-Year,1.791,1.750000,2.35,,1.63,23401840000,8074115000,9497863400,43344827600,
2019-06-27,Note,7-Year,1.889,1.875000,2.44,,1.75,17759785400,7752500000,6478385000,33830122200,
2019-07-09,Note,3-Year,1.857,1.750000,2.39,,1.7,18417675000,6803000000,12750475000,38323614100,
2019-07-10,Note,9-Year 10-Month,2.064,2.375000,2.41,,1.95,14579013000,3084000000,6332384000,24204348800,
2019-07-11,Bond,29-Year 10-Month,2.644,2.875000,2.13,,1.888,7994695000,2683300000,5314762000,16136224700,
2019-07-23,Note,2-Year,1.825,1.750000,2.5,,1.588,17265892000,9898000000,12546135000,41589175600,
2019-07-24,Note,5-Year,1.824,1.750000,2.26,,1.7,21870495000,5626000000,13453035000,42628824700,
2019-07-25,Note,7-Year,1.967,1.875000,2.27,,1.488,18984810000,5052000000,7945585000,33271236300,
2019-08-06,Note,3-Year,1.562,1.500000,2.41,,1.088,17707540000,7337000000,12908760000,62796996600,
2019-08-07,Note,10-Year,1.67,1.625000,2.2,,1.51,15028570500,3657000000,8286980000,44618951200,
2019-08-08,Bond,30-Year,2.335,2.250000,2.24,,1.888,11648200000,2377884000,4965230000,31398523000,
2019-08-27,Note,2-Year,1.516,1.500000,2.6,,0.88,18734495000,8090000000,12915980000,45194261300,
2019-08-28,Note,5-Year,1.365,1.250000,2.48,,1.25,24445165000,7664500000,8865025000,46324147700,
2019-08-29,Note,7-Year,1.489,1.375000,2.16,,1.35,16057737200,5134500000,10797000000,36155384100,
2019-09-10,Note,3-Year,1.573,1.500000,2.42,,0.88,17512203800,6281000000,14123390000,38000053000,
2019-09-11,Note,9-Year 11-Month,1.739,1.625000,2.46,,0.88,15025675800,3052000000,5920000000,24000000400,
2019-09-12,Bond,29-Year 11-Month,2.27,2.250000,2.22,,2.0,9639084800,2126700000,4216078000,16000014000,
2019-09-24,Note,2-Year,1.612,1.500000,2.64,,0.88,22720830000,6347918900,10784437500,44155280500,
2019-09-25,Note,5-Year,1.6,1.500000,2.32,,0.88,24096853400,5818240000,11068120000,45259281000,
2019-09-26,Note,7-Year,1.633,1.625000,2.49,,0.88,20860473400,4664700000,6468536000,35324243400,
2019-10-08,Note,3-Year,1.413,1.375000,2.43,,0.88,17389955400,6418000000,14163710000,38000042000,
2019-10-09,Note,9-Year 10-Month,1.59,1.625000,2.43,,1.45,14044845000,3070000000,6881891500,24000050500,
2019-10-10,Bond,29-Year 10-Month,2.17,2.250000,2.25,,1.8,9361946400,2965600000,3669756500,16000019200,
2019-10-22,Note,2-Year,1.594,1.500000,2.7,,0.88,21871661200,5568500000,12453000000,44182080800,
2019-10-23,Note,5-Year,1.57,1.500000,2.41,,1.36,26912267100,4720966300,9332762500,45286741200,
2019-10-24,Note,7-Year,1.657,1.625000,2.46,,1.4,20936864500,4636600000,6422000000,35345641600,
2019-11-05,Note,3-Year,1.63,1.625000,2.6,,1.53,20181111000,6409572000,11260318000,55993381300,
2019-11-06,Note,10-Year,1.809,1.750000,2.49,,0.88,17412042400,3337000000,6230948000,39784731300,
2019-11-07,Bond,30-Year,2.43,2.375000,2.23,,1.75,11161292500,3888700000,3935722500,27996676000,
2019-11-25,Note,2-Year,1.601,1.500000,2.63,,1.45,19016283000,11586396400,9198550000,43175557500,
2019-11-26,Note,5-Year,1.587,1.500000,2.5,,1.485,26554775000,5549500000,8863021000,44254945900,
2019-11-27,Note,7-Year,1.719,1.625000,2.44,,0.88,22278000000,3216365000,6499017500,34540488100,
2019-12-09,Note,3-Year,1.632,1.625000,2.56,,1.52,18574940000,9018000000,10250500000,38000047000,
2019-12-10,Note,9-Year 11-Month,1.842,1.750000,2.43,,0.88,13465510000,4643121300,5885000000,24000048400,
2019-12-12,Bond,29-Year 11-Month,2.307,2.375000,2.46,,0.88,10145430000,3375600000,2473550000,16000006300,
2019-12-23,Note,2-Year,1.653,1.625000,2.3,,1.45,18397826000,8524000000,12812376000,43764668600,
2019-12-24,Note,5-Year,1.756,1.750000,2.49,,1.5,25562220000,6608947500,8799000000,44858810600,
2019-12-26,Note,7-Year,1.835,1.750000,2.47,,1.288,19009717500,7496109500,5486661000,35011701500,
2020-01-07,Note,3-Year,1.567,1.500000,2.45,,1.45,18026235200,6356000000,13569390000,39215913300,
2020-01-08,Note,9-Year 10-Month,1.869,1.750000,2.45,,1.7,13243475000,3866673400,6885790000,24767945400,
2020-01-09,Bond,29-Year 10-Month,2.341,2.375000,2.54,,0.88,10074122700,2858734300,3050475000,16511946200,
2020-01-27,Note,2-Year,1.44,1.375000,2.65,,1.25,19508240000,8248367000,12000430000,44130503000,
2020-01-27,Note,5-Year,1.448,1.375000,2.33,,1.32,24596280600,5699000000,10675776000,45233673600,
2020-01-28,Note,7-Year,1.57,1.500000,2.37,,0.88,18569957200,5512315000,7908318000,35304302200,
2020-02-11,Note,3-Year,1.394,1.375000,2.56,,1.25,16623674000,6845000000,14378350000,54899762100,
2020-02-12,Note,10-Year,1.622,1.500000,2.58,,1.35,16542412400,3984000000,6452908500,39007715400,
2020-02-13,Bond,30-Year,2.061,2.000000,2.43,,1.75,11685733800,3687700000,3623475000,27449872500,
2020-02-25,Note,2-Year,1.188,1.125000,2.45,,0.88,18352880000,3700000000,17685760000,46045446200,
2020-02-26,Note,5-Year,1.15,1.125000,2.46,,1.0,25210139200,4016000000,11741139300,47196559300,
2020-02-27,Note,7-Year,1.247,1.125000,2.49,,0.88,20142838600,4191500000,7656995000,36836326900,
2020-03-10,Note,3-Year,0.563,0.500000,2.2,,0.08,19836109600,1408000000,16714000000,38036596200,
2020-03-11,Note,9-Year 11-Month,0.849,1.500000,2.36,,0.08,14644315000,2206494000,7145470000,24023077900,
2020-03-12,Bond,29-Year 11-Month,1.32,2.000000,2.36,,0.75,11125570200,1420000000,3452000000,16015385200,
2020-03-24,Note,2-Year,0.398,0.375000,2.36,,0.08,21983747500,3405000000,14435610000,45377861200,
2020-03-25,Note,5-Year,0.535,0.500000,2.53,,0.08,21337806000,5165639600,14483490000,46512285400,
2020-03-26,Note,7-Year,0.68,0.625000,2.76,,0.08,19949046000,2909425000,9135600000,36302504700,
2020-04-06,Note,3-Year,0.348,0.250000,2.27,,0.23,22087950900,1622000000,16162380000,40131675300,
2020-04-07,Note,9-Year 10-Month,0.782,1.500000,2.43,,0.08,14794065000,3307000000,6897224000,25082286900,
2020-04-08,Bond,29-Year 10-Month,1.325,2.000000,2.35,,0.08,11292295700,1862000000,3842205000,17055977200,
2020-04-27,Note,5-Year,0.394,0.375000,2.74,,0.08,25982505000,8681000000,8320115000,46734367800,
2020-04-27,Note,2-Year,0.229,0.125000,3.1,,0.08,23323275000,7440000000,11025000000,45647472600,
2020-04-28,Note,7-Year,0.525,0.500000,2.56,,0.08,23253172600,4298710000,7441710500,38039593700,
2020-05-11,Note,3-Year,0.23,0.125000,2.54,,0.08,22810340000,5479000000,13678570000,64211663800,
2020-05-12,Note,10-Year,0.7,0.625000,2.69,,0.59,21159048300,4266000000,6563637500,48923196400,
2020-05-13,Bond,30-Year,1.342,1.250000,2.3,,0.08,14446920000,2845200000,4701400000,33634677800,
2020-05-20,Bond,20-Year,1.22,1.125000,2.53,,0.088,12141780000,2941000000,4910912500,22099678800,
2020-05-26,Note,2-Year,0.178,0.125000,2.68,,0.018,23241575000,6490000000,14058420000,48619273200,
2020-05-27,Note,5-Year,0.334,0.250000,2.28,,0.088,25793585000,4872760000,14317000000,49724276500,
2020-05-28,Note,7-Year,0.553,0.500000,2.55,,0.42,24156000000,4708400000,9126520000,41989354500,
2020-06-08,Note,3-Year,0.28,0.250000,2.55,,0.08,23445370000,6365933700,14171375000,44625568900,
2020-06-09,Note,9-Year 11-Month,0.832,0.625000,2.26,,0.7,16454449300,3410000000,9134276500,29412319200,
2020-06-11,Bond,29-Year 11-Month,1.45,1.250000,2.3,,0.88,11817747000,2517400000,4663961200,19270143500,
2020-06-17,Bond,19-Year 11-Month,1.314,1.125000,2.63,,0.88,10475305000,2797000000,3726341000,19325136300,
2020-06-23,Note,2-Year,0.193,0.125000,2.46,,0.08,23826740000,7669620000,14302827500,52291638700,
2020-06-24,Note,5-Year,0.33,0.250000,2.58,,0.22,29251713000,7413783000,10319840000,53428398500,
2020-06-25,Note,7-Year,0.511,0.500000,2.49,,0.08,25669395000,6437100000,8891360000,46607737000,
2020-07-07,Note,3-Year,0.19,0.125000,2.44,,0.08,24915474400,6080000000,14887300000,50035625700,
2020-07-08,Note,9-Year 10-Month,0.653,0.625000,2.62,,0.5,18372984500,4915000000,5708195000,31544209100,
2020-07-09,Bond,29-Year 10-Month,1.33,1.250000,2.5,,0.88,13687096400,1995000000,3314976600,20666899600,
2020-07-22,Bond,19-Year 10-Month,1.059,1.125000,2.43,,0.88,11391799100,1999000000,3608780100,18931875600,
2020-07-27,Note,5-Year,0.288,0.250000,2.32,,0.15,28469175800,6031000000,14471647500,54568288400,
2020-07-27,Note,2-Year,0.155,0.125000,2.34,,0.08,21928805000,7087000000,18821065000,53454745100,
2020-07-28,Note,7-Year,0.446,0.375000,2.45,,0.08,28121920000,7401900000,8474310000,49000106200,
2020-08-11,Note,3-Year,0.179,0.125000,2.44,,0.08,27291560000,5883464000,14689312000,76548181000,
2020-08-12,Note,10-Year,0.677,0.625000,2.41,,0.1,24854770000,5601000000,7533524600,60600624700,
2020-08-13,Bond,30-Year,1.406,1.375000,2.14,,1.15,15551055000,3086400000,7354440000,41463586800,
2020-08-19,Bond,20-Year,1.185,1.125000,2.26,,0.08,15654158500,2797087500,6548115000,27171851700,
2020-08-25,Note,2-Year,0.155,0.125000,2.78,,0.057,28756360000,6827000000,14312000000,54343773700,
2020-08-26,Note,5-Year,0.298,0.250000,2.71,,0.08,33773607000,8121000000,9085642000,55430929100,
2020-08-27,Note,7-Year,0.519,0.500000,2.47,,0.08,32093103200,7688031600,7210130000,51083075700,
2020-09-08,Note,3-Year,0.17,0.125000,2.28,,0.065,25306123000,6466223400,18098420000,52055619500,
2020-09-09,Note,9-Year 11-Month,0.704,0.625000,2.3,,0.59,20394045300,5109000000,9486894000,36438927500,
2020-09-10,Bond,29-Year 11-Month,1.473,1.375000,2.31,,0.9,14393115000,3698000000,4902284000,23945568700,
2020-09-15,Bond,19-Year 11-Month,1.213,1.125000,2.39,,0.08,13343592100,3361000000,5288860000,25011919600,
2020-09-22,Note,2-Year,0.136,0.125000,2.42,,0.034,27259240000,7294000000,17339073000,59119072300,
2020-09-23,Note,5-Year,0.275,0.250000,2.52,,0.08,32810405000,9214000000,10954195000,60256032200,
2020-09-24,Note,7-Year,0.462,0.375000,2.42,,0.08,31421205000,8324235000,10251610000,56845294300,
2020-10-06,Note,3-Year,0.193,0.125000,2.44,,0.08,28927605000,6565000000,16483670000,53454724700,
2020-10-07,Note,9-Year 10-Month,0.765,0.625000,2.47,,0.08,22000082000,4966000000,8023200000,35979108800,
2020-10-08,Bond,29-Year 10-Month,1.578,1.375000,2.29,,1.45,14260830800,3443400000,5291921000,23643373500,
2020-10-21,Bond,19-Year 10-Month,1.37,1.125000,2.43,,0.08,13847349500,3431000000,4720145000,24334075500,
2020-10-27,Note,2-Year,0.151,0.125000,2.41,,0.05,28210425000,8399000000,17244627700,59729134900,
2020-10-28,Note,5-Year,0.33,0.250000,2.38,,0.08,34051962500,7680000000,13242905000,60835176100,
2020-10-29,Note,7-Year,0.6,0.500000,2.24,,0.08,32259133000,7557859000,13180245000,58622976800,
2020-11-09,Note,3-Year,0.25,0.250000,2.4,,0.08,20947791000,7693937000,25222794000,68806998700,
2020-11-10,Note,10-Year,0.96,0.875000,2.32,,0.75,22471180400,5380205500,13123082500,52242273200,
2020-11-12,Bond,30-Year,1.68,1.625000,2.29,,0.08,16705821000,4463300000,5817878000,34403465600,
2020-11-18,Bond,20-Year,1.422,1.375000,2.27,,0.08,16528568900,4129000000,6341402000,30745714300,
2020-11-23,Note,5-Year,0.397,0.375000,2.38,,0.25,32175962500,8163076500,16647300000,64907623700,
2020-11-23,Note,2-Year,0.165,0.125000,2.71,,0.08,25731253000,8772000000,21373712500,63769185500,
2020-11-24,Note,7-Year,0.653,0.625000,2.37,,0.08,36624225000,8465700000,10907025000,63768886200,
2020-12-08,Note,3-Year,0.211,0.125000,2.28,,0.08,27557605000,8878000000,19513281000,58385320100,
2020-12-09,Note,9-Year 11-Month,0.951,0.875000,2.33,,0.08,23672548000,5587000000,8734669000,39618559500,
2020-12-10,Bond,29-Year 11-Month,1.665,1.625000,2.48,,0.08,15807242900,4024034400,4166000000,25022244200,
2020-12-21,Bond,19-Year 11-Month,1.47,1.375000,2.39,,0.87,13503737700,4248000000,6247706000,27651539800,
2020-12-28,Note,2-Year,0.137,0.125000,2.45,,0.05,28483965000,10130000000,19261632500,66824414100,
2020-12-28,Note,5-Year,0.394,0.375000,2.39,,0.08,33685379600,10596000000,14699600000,67976554900,
2020-12-29,Note,7-Year,0.662,0.625000,2.31,,0.55,35592156000,10017451400,13384682000,67976515100,
2021-01-11,Note,3-Year,0.234,0.125000,2.52,,0.12,30211230000,8434060000,19230710000,63830661800,
2021-01-12,Note,9-Year 10-Month,1.164,0.875000,2.47,,0.961,23648435000,6749600000,7593650000,41819991000,
2021-01-13,Bond,29-Year 10-Month,1.825,1.625000,2.47,,0.08,16471750600,4128017500,3396744500,26412625300,
2021-01-20,Bond,19-Year 10-Month,1.657,1.375000,2.28,,0.08,14336130000,3482530000,6178816000,27243816900,
2021-01-25,Note,2-Year,0.125,0.125000,2.67,,0.025,33850883000,9356000000,16582176000,68109489600,
2021-01-26,Note,5-Year,0.424,0.375000,2.34,,0.3,36885095000,8625000000,15460420000,69244750400,
2021-01-28,Note,7-Year,0.754,0.750000,2.3,,0.6,39738459500,10094325000,12161487500,70379843400,
2021-02-09,Note,3-Year,0.196,0.125000,2.39,,0.09,30512000000,9286000000,18059920000,79041210600,
2021-02-10,Note,10-Year,1.155,1.125000,2.37,,0.08,24836683200,7753035000,8387105000,55873973800,
2021-02-11,Bond,30-Year,1.933,1.875000,2.18,,1.82,16316740000,4679620000,5992955200,36795047400,
2021-02-17,Bond,20-Year,1.92,1.875000,2.15,,0.88,14821284500,4323538000,7851713000,32849044800,
2021-02-23,Note,2-Year,0.119,0.125000,2.44,,0.03,34199765800,7168925000,18313622500,72997992300,
2021-02-24,Note,5-Year,0.621,0.500000,2.24,,0.47,34787275000,8770000000,17417705000,74214501500,
2021-02-25,Note,7-Year,1.195,1.125000,2.04,,0.95,23592880000,13717900000,24678990000,75431149700,
2021-03-09,Note,3-Year,0.355,0.250000,2.69,,0.08,27638949500,10561000000,19669837500,61595110800,
2021-03-10,Note,9-Year 11-Month,1.523,1.125000,2.38,,0.88,21568158700,6748585000,9649528500,40355061500,
2021-03-11,Bond,29-Year 11-Month,2.295,1.875000,2.28,,2.15,14528824000,4855700000,4609756000,25487401400,
2021-03-16,Bond,19-Year 11-Month,2.29,1.875000,2.51,,0.88,14736266200,4087000000,5174537500,28309707400,
2021-03-23,Note,2-Year,0.152,0.125000,2.54,,0.05,30311970000,10511205800,18972725000,70774350800,
2021-03-24,Note,5-Year,0.85,0.750000,2.36,,0.736,35395410000,10127000000,15422997500,71953839200,
2021-03-25,Note,7-Year,1.3,1.250000,2.23,,0.08,35471441000,11150900000,15316240000,73133436200,
2021-04-12,Note,9-Year 10-Month,1.68,1.125000,2.36,,0.08,22640766600,6160000000,9185753000,43833656700,
2021-04-12,Note,3-Year,0.376,0.375000,2.32,,0.08,29505804400,9105044000,19131710000,66904057600,
2021-04-13,Bond,29-Year 10-Month,2.32,1.875000,2.47,,2.19,14625648000,5265970000,4101400000,27684435400,
2021-04-21,Bond,19-Year 10-Month,2.144,1.875000,2.42,,0.08,14092071000,4843000000,5060548000,28583344600,
2021-04-26,Note,5-Year,0.849,0.750000,2.31,,0.72,35251722000,10653010000,14948070000,72649342300,
2021-04-26,Note,2-Year,0.175,0.125000,2.34,,0.08,26012780000,11049000000,22649525000,71458424100,
2021-04-27,Note,7-Year,1.306,1.250000,2.31,,0.88,35372097000,12765200000,13838775000,73840305800,
2021-05-11,Note,3-Year,0.329,0.250000,2.42,,0.08,28708300000,10478000000,18665234000,88769313900,
2021-05-12,Note,10-Year,1.684,1.625000,2.45,,0.88,25961765000,7015000000,7984229000,62750698000,
2021-05-13,Bond,30-Year,2.395,2.375000,2.22,,0.88,16162525000,5415300000,5411506700,41323641800,
2021-05-19,Bond,20-Year,2.286,2.250000,2.24,,2.15,15315610000,5267900000,6411342500,32240706100,
2021-05-25,Note,2-Year,0.152,0.125000,2.74,,0.08,34118725000,10780000000,14896020000,71646038200,
2021-05-26,Note,5-Year,0.788,0.750000,2.49,,0.08,39165800400,9048000000,12648000000,72840141200,
2021-05-27,Note,7-Year,1.285,1.250000,2.41,,0.08,36921412000,12828300000,12228762500,74034259400,
2021-06-08,Note,3-Year,0.325,0.250000,2.47,,0.22,31398436600,10594000000,15968925000,63332231400,
2021-06-09,Note,9-Year 11-Month,1.497,1.625000,2.58,,0.08,24710473200,7306000000,5973472500,41493489400,
2021-06-10,Bond,29-Year 11-Month,2.172,2.375000,2.29,,0.88,15366388000,4316700000,4313726500,26206402700,
2021-06-15,Bond,19-Year 11-Month,2.12,2.250000,2.4,,0.88,14893285900,4896380500,4206447500,27643030700,
2021-06-22,Note,2-Year,0.249,0.125000,2.54,,0.13,30325123500,11070000000,18495300000,69107625300,
2021-06-23,Note,5-Year,0.904,0.875000,2.36,,0.76,35131354400,11028000000,14807700000,70259297300,
2021-06-24,Note,7-Year,1.264,1.250000,2.36,,0.88,37171463000,13225800000,11584815000,71411089100,
2021-07-12,Note,3-Year,0.426,0.375000,2.41,,0.08,30816365000,10596000000,16549666000,67548183300,
2021-07-12,Note,9-Year 10-Month,1.371,1.625000,2.39,,1.243,24116493300,6641000000,7233000000,44255708800,
2021-07-13,Bond,29-Year 10-Month,2.0,2.375000,2.19,,1.87,14661125000,3989841500,5347580800,27950950000,
2021-07-21,Bond,19-Year 10-Month,1.89,2.250000,2.33,,0.88,14436534000,4545000000,5017129600,26298329200,
2021-07-26,Note,2-Year,0.213,0.125000,2.47,,0.08,31487670000,12688000000,15506882500,65745819700,
2021-07-27,Note,5-Year,0.71,0.625000,2.36,,0.599,35383708000,10814345000,14731250000,66841604300,
2021-07-29,Note,7-Year,1.05,1.000000,2.23,,0.08,36182920000,12056900000,13751280400,67937363800,
2021-08-10,Note,3-Year,0.465,0.375000,2.54,,0.303,32109660300,10678000000,15164810000,83876214400,
2021-08-11,Note,10-Year,1.34,1.250000,2.65,,0.88,31659957400,5377000000,3947671400,59291870300,
2021-08-12,Bond,30-Year,2.04,2.000000,2.21,,1.9,16374915000,5668600000,4953777300,39045825200,
2021-08-18,Bond,20-Year,1.85,1.750000,2.44,,0.88,16819369100,5043357700,5135985000,30392375200,
2021-08-24,Note,2-Year,0.242,0.125000,2.65,,0.088,36271901800,12690000000,10950597500,67538628300,
2021-08-25,Note,5-Year,0.831,0.750000,2.35,,0.71,38221710100,10691000000,12049902500,68664203000,
2021-08-26,Note,7-Year,1.155,1.125000,2.34,,0.99,37852835000,11688800000,12444302500,69789802900,
2021-09-07,Note,3-Year,0.447,0.375000,2.45,,0.08,32843050000,10992000000,14121280000,64176071300,
2021-09-08,Note,9-Year 11-Month,1.338,1.250000,2.59,,1.23,26994230000,6315000000,4682000000,42046369700,
2021-09-09,Bond,29-Year 11-Month,1.91,2.000000,2.49,,0.88,16719483500,4139313800,3139591000,26555612000,
2021-09-21,Bond,19-Year 11-Month,1.795,1.750000,2.36,,0.88,15412677000,4534000000,4052346000,26890418900,
2021-09-27,Note,5-Year,0.99,0.875000,2.37,,0.88,33109788000,12317000000,15529240000,68346508900,
2021-09-27,Note,2-Year,0.31,0.250000,2.28,,0.2,27151193000,12993000000,19761960000,67226031500,
2021-09-28,Note,7-Year,1.332,1.250000,2.24,,0.88,37239925000,12965900000,11770891000,69466897600,
2021-10-12,Note,9-Year 10-Month,1.584,1.250000,2.58,,1.5,26987884300,6739000000,4256000000,40859190800,
2021-10-12,Note,3-Year,0.635,0.625000,2.36,,0.52,25544698700,10897000000,21310005000,62364041500,
2021-10-13,Bond,29-Year 10-Month,2.049,2.000000,2.36,,1.9,16928214400,4120000000,2948000000,25805823000,
2021-10-20,Bond,19-Year 10-Month,2.1,1.750000,2.25,,1.88,15555390400,3744000000,4694380000,26439990100,
2021-10-26,Note,2-Year,0.481,0.375000,2.69,,0.35,34771980200,13337000000,11694000000,66099945100,
2021-10-27,Note,5-Year,1.157,1.125000,2.55,,0.88,39422882800,10569825600,10864080000,67201668600,
2021-10-28,Note,7-Year,1.461,1.375000,2.25,,1.291,39601380000,12111700000,10267740000,68303284400,
2021-11-08,Note,3-Year,0.75,0.750000,2.33,,0.08,32150610000,10068030000,13580390000,88393596100,
2021-11-09,Note,10-Year,1.444,1.375000,2.35,,1.337,27678333200,5381000000,5919555000,61559787100,
2021-11-10,Bond,30-Year,1.94,1.875000,2.2,,1.75,14746780000,3943890000,6305384000,39461425700,
2021-11-17,Bond,20-Year,2.065,2.000000,2.34,,1.94,13841140400,4456291600,4700360000,24895749600,
2021-11-22,Note,5-Year,1.319,1.250000,2.34,,1.13,33490426000,9563000000,15830300000,63863050800,
2021-11-22,Note,2-Year,0.623,0.500000,2.36,,0.43,26387080000,9930000000,21523445000,62780583800,
2021-11-23,Note,7-Year,1.588,1.500000,2.42,,0.888,34970290400,13730200000,10277354000,63862990700,
2021-12-02,Bond,19-Year 11-Month,1.872,2.000000,2.92,,1.81,0,0,25000100,25000100,
2021-12-07,Note,3-Year,1.0,1.000000,2.43,,0.849,28069600000,9691000000,16040726000,61962809400,
2021-12-08,Note,9-Year 11-Month,1.518,1.375000,2.43,,0.88,24771015000,6403000000,4809155000,41308393200,
2021-12-09,Bond,29-Year 11-Month,1.895,1.875000,2.22,,1.75,13374720000,4066785000,4555785000,25244019100,
2021-12-21,Bond,19-Year 11-Month,1.942,2.000000,2.59,,1.84,12964005000,4166110000,2868000000,22717275700,
2021-12-27,Note,2-Year,0.769,0.750000,2.55,,0.65,34212436300,8017750000,13498860000,63608352900,
2021-12-28,Note,5-Year,1.263,1.250000,2.41,,1.15,37401033000,8158918000,11402297500,64744045600,
2021-12-29,Note,7-Year,1.48,1.375000,2.21,,1.317,33175285000,10891500000,11922390000,63608177100,
2022-01-11,Note,3-Year,1.237,1.125000,2.47,,1.05,31993833000,8049000000,11853850000,60343434900,
2022-01-12,Note,9-Year 10-Month,1.723,1.375000,2.51,,1.6,23584426200,6430000000,5977970000,41776170100,
2022-01-13,Bond,29-Year 10-Month,2.075,1.875000,2.35,,1.94,14293276500,3756281500,3948099500,25529881900,
2022-01-19,Bond,19-Year 10-Month,2.21,2.000000,2.48,,2.12,13243186200,3404864500,3350196500,22989260500,
2022-01-24,Note,2-Year,0.99,0.875000,2.81,,0.903,35420980000,5037500000,13207128000,62071266800,
2022-01-25,Note,5-Year,1.533,1.500000,2.5,,1.44,37759365000,9053500000,8133150000,63220529200,
2022-01-27,Note,7-Year,1.769,1.750000,2.36,,1.65,33188352500,12110756700,7677362500,60921526900,
2022-02-08,Note,3-Year,1.592,1.500000,2.45,,1.4,34139428900,5550250000,10113355000,80248121000,
2022-02-09,Note,10-Year,1.904,1.875000,2.68,,1.8,28680126400,5545000000,2752472000,59383597100,
2022-02-10,Bond,30-Year,2.34,2.250000,2.3,,2.15,15627311400,4082150000,3287463000,36914133100,
2022-02-16,Bond,20-Year,2.396,2.375000,2.44,,2.28,11947992000,3985500000,3060030000,22255007600,
2022-02-22,Note,2-Year,1.553,1.500000,2.64,,1.4,33899728000,9702000000,8088835000,60908420100,
2022-02-23,Note,5-Year,1.88,1.875000,2.49,,1.75,35889846000,9754000000,7282514900,62079759100,
2022-02-24,Note,7-Year,1.905,1.875000,2.36,,1.75,31917106800,11908268000,6160120000,58565810800,
2022-03-08,Note,3-Year,1.775,1.750000,2.39,,1.55,26341350000,8894000000,12581642500,56065009400,
2022-03-09,Note,9-Year 11-Month,1.92,1.875000,2.47,,1.8,23190833000,6130000000,4670532000,39712689300,
2022-03-10,Bond,29-Year 11-Month,2.375,2.250000,2.46,,2.25,14300362100,3284127400,2411321000,23360394000,
2022-03-23,Bond,19-Year 11-Month,2.651,2.375000,2.72,,2.59,10297950000,4162596300,1533000000,18978623300,
2022-03-28,Note,2-Year,2.365,2.250000,2.46,,2.23,27066235000,12566000000,9554645000,59308206800,
2022-03-28,Note,5-Year,2.543,2.500000,2.53,,2.35,30658115200,10053145700,10212000000,60494406000,
2022-03-29,Note,7-Year,2.499,2.375000,2.44,,2.37,28627317000,13413600000,4940522500,55749674800,
2022-04-11,Note,3-Year,2.738,2.625000,2.48,,2.61,24349045000,8000111100,13208395000,56973107400,
2022-04-12,Note,9-Year 10-Month,2.72,1.875000,2.43,,2.57,21864192000,5784000000,6341930000,42110578600,
2022-04-13,Bond,29-Year 10-Month,2.815,2.250000,2.3,,2.67,13042019600,3780900000,3172481000,24770919400,
2022-04-20,Bond,19-Year 10-Month,3.095,2.375000,2.8,,2.88,12143347600,2450372100,1397998000,18218454400,
2022-04-26,Note,2-Year,2.585,2.500000,2.74,,2.45,31026251300,10082500000,5925550000,54655193600,
2022-04-27,Note,5-Year,2.785,2.750000,2.41,,2.65,31243077400,9492000000,8060464000,55793844000,
2022-04-28,Note,7-Year,2.908,2.875000,2.41,,2.78,28566320000,8718300000,6694743000,50100607600,
2022-05-10,Note,3-Year,2.809,2.750000,2.59,,2.69,27670630000,8057306000,8935800000,76492768400,
2022-05-11,Note,10-Year,2.943,2.875000,2.49,,2.8,25272055600,6545000000,4132000000,61194142100,
2022-05-12,Bond,30-Year,2.997,2.875000,2.38,,2.86,15315875000,3648842700,3021000000,37396398800,
2022-05-18,Bond,20-Year,3.29,3.250000,2.5,,2.88,11988998500,2790775000,2208632500,19555763900,
2022-05-24,Note,2-Year,2.519,2.500000,2.61,,2.4,28913903000,10212168600,7096680000,54065998700,
2022-05-25,Note,5-Year,2.736,2.625000,2.44,,2.6,30073613400,9572000000,8143440000,55216217500,
2022-05-26,Note,7-Year,2.777,2.750000,2.69,,2.65,32688895000,6617100000,2677000000,48314150600,
2022-06-07,Note,3-Year,2.927,2.875000,2.45,,2.78,22473550000,10284652800,10867545000,46587278700,
2022-06-08,Note,9-Year 11-Month,3.03,2.875000,2.41,,2.89,20973695000,6388000000,5619095000,34940394200,
2022-06-09,Bond,29-Year 11-Month,3.185,2.875000,2.35,,3.03,13111385000,3209450000,2675000000,20117204100,
2022-06-22,Bond,19-Year 11-Month,3.488,3.250000,2.6,,3.38,9433507000,2826000000,1728000000,15069995600,
2022-06-27,Note,2-Year,3.084,3.000000,2.51,,2.94,23222676000,11406300000,10486322500,49515934000,
2022-06-27,Note,5-Year,3.271,3.250000,2.28,,3.12,26477435000,9237000000,11173600000,50592129800,
2022-06-28,Note,7-Year,3.28,3.250000,2.48,,3.13,24725939000,8160500000,7086765000,43057150400,
2022-07-11,Note,3-Year,3.093,3.000000,2.43,,2.9,25800900000,8271207400,8668240000,48480681900,
2022-07-12,Note,9-Year 10-Month,2.96,2.875000,2.34,,2.81,20231520000,5929000000,6827870000,37206110400,
2022-07-13,Bond,29-Year 10-Month,3.115,2.875000,2.44,,2.99,13906415100,3103450000,1988000000,21421698300,
2022-07-20,Bond,19-Year 10-Month,3.42,3.250000,2.65,,2.88,10900420300,1970000000,1110241400,15214669000,
2022-07-25,Note,2-Year,3.015,3.000000,2.58,,2.85,27456485000,8855682400,7941490000,48904336300,
2022-07-26,Note,5-Year,2.86,2.750000,2.46,,2.72,30487120000,7723500000,7722335000,49991086600,
2022-07-28,Note,7-Year,2.73,2.625000,2.6,,2.592,26945388000,7003480000,4037280000,41297000800,
2022-08-09,Note,3-Year,3.202,3.125000,2.5,,3.075,26305555000,7207500000,8191625000,68564317600,
2022-08-10,Note,10-Year,2.755,2.750000,2.53,,2.59,26060550000,5442000000,3469593000,57136938400,
2022-08-11,Bond,30-Year,3.106,3.000000,2.31,,2.9,14830151000,3886400000,2275000000,34282158900,
2022-08-17,Bond,20-Year,3.38,3.375000,2.3,,3.22,10029820000,2743000000,2202984000,16952881200,
2022-08-23,Note,2-Year,3.307,3.250000,2.49,,3.15,25709267000,7452000000,9878580000,49728465100,
2022-08-24,Note,5-Year,3.23,3.125000,2.3,,3.05,27468130000,8179000000,9251960000,50858640200,
2022-08-25,Note,7-Year,3.13,3.125000,2.65,,3.05,28000549100,5805500000,3174403000,41817126000,
2022-09-12,Note,9-Year 11-Month,3.33,2.750000,2.37,,3.17,19924085000,5721000000,6336744000,32000010400,
2022-09-12,Note,3-Year,3.564,3.500000,2.49,,3.39,22250993000,8913000000,9627585000,41000013000,
2022-09-13,Bond,29-Year 11-Month,3.511,3.000000,2.42,,3.4,12973621500,3070100000,1952911900,18000009800,
2022-09-20,Bond,19-Year 11-Month,3.82,3.375000,2.65,,3.7,9030451000,1992500000,966529000,12000023100,
2022-09-26,Note,2-Year,4.29,4.250000,2.51,,4.1,21783389000,10219000000,9133651500,43000123700,
2022-09-27,Note,5-Year,4.228,4.125000,2.27,,4.05,26099510000,8192000000,9514000000,44000107900,
2022-09-28,Note,7-Year,3.898,3.875000,2.57,,3.797,22463689000,8865400000,4618000000,36000003600,
2022-10-11,Note,3-Year,4.318,4.250000,2.57,,4.18,21092870000,7724000000,10685170000,40000009700,
2022-10-12,Note,9-Year 10-Month,3.93,2.750000,2.34,,3.8,18163834000,7520600000,6300632500,32000029600,
2022-10-13,Bond,29-Year 10-Month,3.93,3.000000,2.39,,3.79,12436419000,3355600000,2198950000,18000001400,
2022-10-19,Bond,19-Year 10-Month,4.395,3.375000,2.5,,4.22,7622020000,2376843000,1966430000,12000010800,
2022-10-25,Note,2-Year,4.46,4.375000,2.59,,4.25,20470245000,10244600000,9812941000,42000045400,
2022-10-26,Note,5-Year,4.192,4.125000,2.48,,4.05,29079052000,6655500000,7042830000,43000006400,
2022-10-27,Note,7-Year,4.027,4.000000,2.43,,3.85,22081384000,7941356300,4933492500,35000027000,
2022-11-08,Note,3-Year,4.605,4.500000,2.57,,4.0,24506635000,6716100000,8188975000,54027076300,
2022-11-09,Note,10-Year,4.14,4.125000,2.23,,3.96,20055882500,6303000000,8520247500,47273701400,
2022-11-10,Bond,30-Year,4.08,4.000000,2.42,,3.888,14660059200,4273800000,2030932000,28364253300,
2022-11-16,Bond,20-Year,4.072,4.000000,2.64,,3.96,11224800100,2295000000,1378000000,16630739200,
2022-11-21,Note,5-Year,3.974,3.875000,2.39,,3.8,28380365600,8016895000,6457253000,47674762400,
2022-11-21,Note,2-Year,4.505,4.500000,2.64,,4.35,23321067500,9164525000,8441050000,46566125200,
2022-11-22,Note,7-Year,3.89,3.875000,2.33,,3.75,21638370000,5856990000,7465736000,38805040100,
2022-12-12,Note,3-Year,4.093,4.000000,2.55,,3.94,24402800000,8083000000,7060000000,40000047800,
2022-12-12,Note,9-Year 11-Month,3.625,4.125000,2.31,,3.4,18994570000,5974000000,6984090000,32000004400,
2022-12-13,Bond,29-Year 11-Month,3.513,4.000000,2.25,,3.35,11068275200,4153400000,2756104000,18000021400,
2022-12-21,Bond,19-Year 11-Month,3.935,4.000000,2.68,,3.811,8633026500,2270000000,1037415000,12000000800,
2022-12-27,Note,2-Year,4.373,4.250000,2.71,,4.22,25600460000,7697666000,7846000000,42000043000,
2022-12-28,Note,5-Year,3.973,3.875000,2.46,,3.83,27650952000,7957034900,7253180000,43000018900,
2022-12-29,Note,7-Year,3.921,3.875000,2.45,,3.8,23791565000,5650100000,5505060000,35000010200,
2023-01-10,Note,3-Year,3.977,3.875000,2.84,,3.86,27674840000,5244000000,6877000000,40000009200,
2023-01-11,Note,9-Year 10-Month,3.575,4.125000,2.53,,3.45,21427151000,5728380000,4816000000,32000033900,
2023-01-12,Bond,29-Year 10-Month,3.585,4.000000,2.45,,3.5,13422940000,2937600000,1626132000,18000040700,
2023-01-18,Bond,19-Year 10-Month,3.678,4.000000,2.83,,3.58,9135222300,1870000000,975000000,12000004700,
2023-01-24,Note,2-Year,4.139,4.125000,2.94,,4.07,26893365000,7750000000,6737000000,42000002800,
2023-01-25,Note,5-Year,3.53,3.500000,2.64,,3.44,32483680000,6621570000,3783229000,43000012400,
2023-01-26,Note,7-Year,3.517,3.500000,2.69,,3.41,26944650000,5879300000,2138250000,35000009400,
2023-02-07,Note,3-Year,4.073,4.000000,2.33,,3.96,23454941000,8365000000,7898050000,55631649500,
2023-02-08,Note,10-Year,3.613,3.500000,2.66,,3.527,27717084400,5297784000,1870000000,48677914400,
2023-02-09,Bond,30-Year,3.686,3.625000,2.25,,3.5,13683330000,3974400000,3324655000,29206565300,
2023-02-15,Bond,20-Year,3.977,3.875000,2.54,,3.8,11263535000,2688197000,1005945000,18408094800,
2023-02-21,Note,2-Year,4.673,4.625000,2.61,,4.54,25638160100,9500778000,6185000000,51542599200,
2023-02-22,Note,5-Year,4.109,4.000000,2.48,,4.0,29971380000,8154901500,4722000000,52769839400,
2023-02-23,Note,7-Year,4.062,4.000000,2.49,,3.94,22898499000,7270300000,4792140000,42952149500,
2023-03-07,Note,3-Year,4.635,4.625000,2.73,,4.5,24854847000,8223024000,6696840000,40000003600,
2023-03-08,Note,9-Year 11-Month,3.985,3.500000,2.35,,3.8,19910151800,6386420000,5666940000,32000042400,
2023-03-09,Bond,29-Year 11-Month,3.877,3.625000,2.35,,3.77,12725805000,3569500000,1700330000,18000000000,
2023-03-21,Bond,19-Year 11-Month,3.909,3.875000,2.53,,2.88,8018995000,2520000000,1425000000,12000001600,
2023-03-27,Note,2-Year,3.954,3.875000,2.44,,3.8,21879275000,10015000000,9543450000,42000018600,
2023-03-28,Note,5-Year,3.665,3.625000,2.48,,3.53,29371841000,7810463500,5718587000,43000054200,
2023-03-29,Note,7-Year,3.626,3.625000,2.39,,3.5,22102316300,7468600000,5381730000,35000010400,
2023-04-11,Note,3-Year,3.81,3.750000,2.59,,3.65,24426860000,8373032000,7047714000,42557489100,
2023-04-12,Note,9-Year 10-Month,3.455,3.500000,2.36,,3.3,20112280000,6360000000,5477215000,34046008600,
2023-04-13,Bond,29-Year 10-Month,3.661,3.625000,2.36,,3.527,12426898200,3559400000,1993095000,19150871600,
2023-04-19,Bond,19-Year 10-Month,3.92,3.875000,2.66,,3.82,8218574500,2300783500,1440810000,13171112900,
2023-04-25,Note,2-Year,3.969,3.875000,2.68,,3.85,25465560000,8265970000,7878580000,46098902200,
2023-04-26,Note,5-Year,3.5,3.500000,2.54,,3.35,29643960000,7419000000,5853000000,47196460700,
2023-04-27,Note,7-Year,3.563,3.500000,2.41,,3.4,22415880000,7368800000,5178682500,38415712700,
2023-05-09,Note,3-Year,3.695,3.625000,2.93,,3.5,29259662500,5450000000,5180892000,50897713300,
2023-05-10,Note,10-Year,3.448,3.375000,2.45,,3.32,23591019000,6800000000,4559215000,44535597500,
2023-05-11,Bond,30-Year,3.741,3.625000,2.43,,3.6,15190505000,3639800000,2141000000,26721295900,
2023-05-17,Bond,20-Year,3.954,3.875000,2.56,,2.88,10531640000,2703477000,1687000000,17816959200,
2023-05-23,Note,2-Year,4.3,4.250000,2.9,,4.15,28420515800,6501373500,6743954000,49887600600,
2023-05-24,Note,5-Year,3.749,3.625000,2.58,,3.55,31206620000,7707051300,4007125000,51075301400,
2023-05-25,Note,7-Year,3.827,3.750000,2.61,,3.68,25281029600,6044500000,3641990000,41573013500,
2023-06-12,Note,9-Year 11-Month,3.791,3.375000,2.36,,3.6,19919085000,6371000000,5691610000,32000009600,
2023-06-12,Note,3-Year,4.202,4.125000,2.7,,3.88,24539460000,8669104200,6676000000,40000073800,
2023-06-13,Bond,29-Year 11-Month,3.908,3.625000,2.52,,2.88,13120085000,3263012100,1611487500,18000018100,
2023-06-21,Bond,19-Year 11-Month,4.01,3.875000,2.87,,3.89,8926708800,2109500000,932746000,12000004400,
2023-06-26,Note,2-Year,4.67,4.625000,2.86,,4.5,28447281000,7548350000,5540938000,42000044500,
2023-06-27,Note,5-Year,4.019,4.000000,2.52,,3.88,29213064900,8447000000,5238260000,43000072100,
2023-06-28,Note,7-Year,3.839,3.750000,2.65,,3.6,26334685000,5788500800,2846000000,35000007900,
2023-07-11,Note,3-Year,4.534,4.500000,2.88,,4.25,27516725000,7844280100,4272000000,40000012600,
2023-07-12,Note,9-Year 10-Month,3.857,3.375000,2.53,,3.73,21651094600,6351000000,3961265000,32000010200,
2023-07-13,Bond,29-Year 10-Month,3.91,3.625000,2.43,,3.78,12411625000,3620700000,1951620000,18000002300,
2023-07-19,Bond,19-Year 10-Month,4.036,3.875000,2.68,,3.92,8132068000,2564000000,1131725000,12000005400,
2023-07-24,Note,2-Year,4.823,4.750000,2.78,,4.7,26998220000,8566250000,5688640000,42000109600,
2023-07-25,Note,5-Year,4.17,4.125000,2.6,,4.06,27613307500,9489516300,5786900000,43000047900,
2023-07-27,Note,7-Year,4.087,4.000000,2.48,,3.92,24380115000,5559600000,5011810100,35000002700,
2023-08-08,Note,3-Year,4.398,4.375000,2.9,,4.2,30699074100,6514000000,4286560000,57712800900,
2023-08-09,Note,10-Year,3.999,3.875000,2.56,,3.88,27338241400,6928750000,3599155500,52216310300,
2023-08-10,Bond,30-Year,4.189,4.125000,2.42,,4.05,15570864000,4509000000,2875537500,31604606400,
2023-08-23,Bond,20-Year,4.499,4.375000,2.56,,4.39,10873045000,3209000000,1802980000,17662322300,
2023-08-28,Note,5-Year,4.4,4.375000,2.54,,4.3,31103042500,8359429600,6332040000,50779277000,
2023-08-28,Note,2-Year,5.024,5.000000,2.94,,4.9,28700450000,8832431300,6614140000,49675357100,
2023-08-29,Note,7-Year,4.212,4.125000,2.66,,4.1,27039427500,5380400000,3512000000,39740231100,
2023-09-11,Note,3-Year,4.66,4.625000,2.75,,4.548,25184915000,9643000000,8845124500,44000032600,
2023-09-12,Note,9-Year 11-Month,4.289,3.875000,2.52,,4.18,23157725000,6955740200,4808000000,35000041700,
2023-09-13,Bond,29-Year 11-Month,4.345,4.125000,2.46,,4.23,12887111000,3944100000,3152900000,20000007500,
2023-09-19,Bond,19-Year 11-Month,4.592,4.375000,2.74,,4.47,8460020000,3283000000,1200285000,13000007300,
2023-09-26,Note,2-Year,5.085,5.000000,2.73,,4.95,30669684000,9903340000,6597584500,48000137800,
2023-09-27,Note,5-Year,4.659,4.625000,2.52,,4.53,34737752000,8602808500,5483000000,49000049600,
2023-09-28,Note,7-Year,4.673,4.625000,2.47,,4.54,24163598500,7357413400,5387712500,37000026500,
2023-10-10,Note,3-Year,4.74,4.625000,2.56,,4.63,25625740000,10047400000,10113800000,46000008300,
2023-10-11,Note,9-Year 10-Month,4.61,3.875000,2.5,,4.47,21068870000,7300390000,6546677800,35000052400,
2023-10-12,Bond,29-Year 10-Month,4.837,4.125000,2.35,,4.65,13004250000,3335700000,3628070000,20000002800,
2023-10-18,Bond,19-Year 10-Month,5.245,4.375000,2.59,,5.1,9409062000,1962912500,1540912500,13000016300,
2023-10-24,Note,2-Year,5.055,5.000000,2.64,,4.95,31230612100,10231750000,8872515000,51000026900,
2023-10-25,Note,5-Year,4.899,4.875000,2.36,,4.73,31856231000,9884000000,10050000000,52000027800,
2023-10-26,Note,7-Year,4.908,4.875000,2.7,,4.78,26657030000,6944820000,4145000000,38000032300,
2023-11-07,Note,3-Year,4.701,4.625000,2.67,,4.55,30689600800,9090010400,7726280000,48913468500,
2023-11-08,Note,10-Year,4.519,4.500000,2.45,,4.4,27703020000,6028022000,6000179000,40761196600,
2023-11-09,Bond,30-Year,4.769,4.750000,2.24,,4.59,14371980000,3625500000,5912940000,24456732400,
2023-11-20,Bond,20-Year,4.78,4.750000,2.58,,4.68,11712194100,2614007000,1505021800,16184316400,
2023-11-27,Note,5-Year,4.42,4.375000,2.46,,4.31,35904265800,9663000000,9233264500,55633518500,
2023-11-27,Note,2-Year,4.887,4.875000,2.54,,4.788,30581380000,12714000000,9998362500,54622032900,
2023-11-28,Note,7-Year,4.399,4.375000,2.44,,4.26,24680550000,6125300000,7842475000,39449232700,
2023-12-11,Note,9-Year 11-Month,4.296,4.500000,2.53,,4.15,23544008000,6961000000,6383000000,37000023400,
2023-12-11,Note,3-Year,4.49,4.375000,2.42,,4.36,25805910000,10747000000,13002290000,50000068500,
2023-12-12,Bond,29-Year 11-Month,4.344,4.750000,2.43,,4.23,14333694500,3621800000,2978000000,21000002000,
2023-12-20,Bond,19-Year 11-Month,4.213,4.750000,2.55,,4.09,8571685900,2673000000,1663508000,13000033000,
2023-12-26,Note,2-Year,4.314,4.250000,2.68,,4.2,34811740000,10981029100,10487000000,57000058100,
2023-12-27,Note,5-Year,3.801,3.750000,2.5,,3.415,40820055000,8880942000,8121000000,58000021100,
2023-12-28,Note,7-Year,3.859,3.750000,2.5,,3.5,25320597500,7700236800,6723212500,40000020000,
2024-01-09,Note,3-Year,4.105,4.000000,2.67,,3.95,33707542200,8692800200,9212502500,52000056800,
2024-01-10,Note,9-Year 10-Month,4.024,4.500000,2.56,,3.9,24408058000,6918000000,5593157500,37000011200,
2024-01-11,Bond,29-Year 10-Month,4.229,4.750000,2.37,,3.88,14209125000,3712937200,3044118000,21000006300,
2024-01-17,Bond,19-Year 10-Month,4.423,4.750000,2.53,,4.3,8041321000,2653000000,2242000300,13000010700,
2024-01-23,Note,2-Year,4.365,4.250000,2.57,,4.25,38828045000,11815074400,8817250000,60000062600,
2024-01-24,Note,5-Year,4.055,4.000000,2.31,,3.9,37070090000,11368500000,12394062500,61000063600,
2024-01-25,Note,7-Year,4.109,4.000000,2.57,,3.99,28203372000,6944100000,5692350000,41000041100,
2024-02-06,Note,3-Year,4.169,4.125000,2.58,,4.088,35379670000,9836976000,8428000000,57993720900,
2024-02-07,Note,10-Year,4.093,4.000000,2.56,,3.98,29677040000,6712161500,5429656000,45106262000,
2024-02-08,Bond,30-Year,4.36,4.250000,2.4,,4.25,17638321500,3616300000,3695172500,26848948800,
2024-02-21,Bond,20-Year,4.595,4.500000,2.39,,4.44,9362406800,3123282500,3360588800,16692254200,
2024-02-26,Note,2-Year,4.691,4.625000,2.49,,4.55,40633767000,12538119100,9188000000,65725715600,
2024-02-26,Note,5-Year,4.32,4.250000,2.41,,4.16,40532555000,12541000000,10729452500,66768916600,
2024-02-27,Note,7-Year,4.327,4.250000,2.58,,4.217,29112088900,6206400000,6527210000,43817110700,
2024-03-11,Note,3-Year,4.256,4.250000,2.6,,4.15,39075615000,8677596300,8032000000,56000018600,
2024-03-12,Note,9-Year 11-Month,4.166,4.000000,2.51,,4.03,25024385000,7258000000,6641885200,39000004400,
2024-03-13,Bond,29-Year 11-Month,4.331,4.250000,2.47,,4.23,15223796800,3685400000,3061000000,22000030500,
2024-03-19,Bond,19-Year 11-Month,4.542,4.500000,2.79,,3.88,9493102000,2216658000,1207300000,13000024800,
2024-03-25,Note,2-Year,4.595,4.500000,2.62,,4.47,42926831000,13627000000,8721963600,66000028700,
2024-03-26,Note,5-Year,4.235,4.125000,2.41,,4.11,47080593000,11236606100,8508056000,67000049700,
2024-03-27,Note,7-Year,4.185,4.125000,2.61,,4.07,29899535000,7465300000,5514197000,43000000600,
2024-04-09,Note,3-Year,4.548,4.500000,2.5,,4.43,34792805000,11793000000,11148727500,58956538700,
2024-04-10,Note,9-Year 10-Month,4.56,4.000000,2.34,,4.4,24054318000,5540000000,9322650000,39643278400,
2024-04-11,Bond,29-Year 10-Month,4.671,4.250000,2.37,,4.56,14149684500,4016900000,3810907900,22362826900,
2024-04-17,Bond,19-Year 10-Month,4.818,4.500000,2.82,,4.73,9653246500,2094344100,1173948000,13061977000,
2024-04-23,Note,2-Year,4.898,4.875000,2.66,,4.8,45005791000,12709500000,10252620000,69328870200,
2024-04-24,Note,5-Year,4.659,4.625000,2.39,,4.55,45870989500,13426000000,10476530000,70333647700,
2024-04-25,Note,7-Year,4.716,4.625000,2.48,,4.61,28579008000,9212500000,6102095000,44209715500,
2024-05-07,Note,3-Year,4.605,4.500000,2.63,,4.5,37804224000,11311061800,8580670000,65290209800,
2024-05-08,Note,10-Year,4.483,4.375000,2.49,,4.37,27411848000,7842000000,6581536000,47278984800,
2024-05-09,Bond,30-Year,4.635,4.625000,2.41,,4.54,16196495000,4939600000,3834450000,28142249900,
2024-05-22,Bond,20-Year,4.635,4.625000,2.51,,4.54,11262332000,3052000000,1601790000,16949904400,
2024-05-28,Note,2-Year,4.917,4.875000,2.41,,4.74,39542145000,17426000000,11317900000,73096387700,
2024-05-28,Note,5-Year,4.553,4.500000,2.3,,4.38,45411962200,10783000000,13630580000,74155764000,
2024-05-29,Note,7-Year,4.65,4.625000,2.43,,4.52,29346752000,7077000000,7458975000,46612240400,
2024-06-10,Note,3-Year,4.659,4.625000,2.43,,4.5,36973827000,9166000000,11506705000,59876059100,
2024-06-11,Note,9-Year 11-Month,4.438,4.375000,2.67,,4.341,29034072500,5375000000,4509473000,40261600500,
2024-06-13,Bond,29-Year 11-Month,4.403,4.625000,2.49,,3.88,15047133300,3910900000,3009118500,22711606600,
2024-06-18,Bond,19-Year 11-Month,4.452,4.625000,2.74,,3.88,10090502200,2117500000,747000000,13452687400,
2024-06-25,Note,2-Year,4.706,4.625000,2.75,,4.5,44640960000,14250437100,9178970000,71402712600,
2024-06-26,Note,5-Year,4.331,4.250000,2.35,,4.2,48059039700,12343250000,9333000000,72437531400,
2024-06-27,Note,7-Year,4.276,4.250000,2.58,,4.1,30595710000,8115517600,5215000000,45532190200,
2024-07-09,Note,3-Year,4.399,4.375000,2.67,,4.3,36774163000,12220717000,8495000000,67423503800,
2024-07-10,Note,9-Year 10-Month,4.276,4.375000,2.58,,4.177,26320573400,8122643400,4489600000,45336567200,
2024-07-11,Bond,29-Year 10-Month,4.405,4.625000,2.3,,4.25,13347186000,5132500000,3487264000,25574432800,
2024-07-17,Bond,19-Year 10-Month,4.466,4.625000,2.68,,3.88,9998885600,1855000000,1097560000,13716789100,
2024-07-23,Note,2-Year,4.434,4.375000,2.81,,4.0,52239325000,9838656000,6149000000,72804526100,
2024-07-24,Note,5-Year,4.121,4.000000,2.4,,3.98,46937191000,13108280000,9750770000,73859602700,
2024-07-25,Note,7-Year,4.162,4.125000,2.64,,4.04,32665495000,7359000000,3895000000,46426114700,
2024-08-06,Note,3-Year,3.81,3.750000,2.55,,2.88,37183145000,11696120000,8866300000,69030182700,
2024-08-07,Note,10-Year,3.96,3.875000,2.32,,3.6,27708666900,6680000000,7486140000,49987416200,
2024-08-08,Bond,30-Year,4.314,4.250000,2.31,,3.88,16291085500,3865900000,4784470000,29754413000,
2024-08-21,Bond,20-Year,4.16,4.125000,2.54,,2.888,11300257200,3067000000,1547625300,17272241000,
2024-08-27,Note,2-Year,3.874,3.750000,2.68,,3.5,46975079300,13016500000,8129000000,74486516100,
2024-08-28,Note,5-Year,3.645,3.625000,2.41,,2.618,49187336500,11356213700,9184900000,75566080600,
2024-08-29,Note,7-Year,3.77,3.750000,2.5,,3.65,32903696500,4903085000,6012587500,47498677700,
2024-09-10,Note,3-Year,3.44,3.375000,2.66,,2.88,45155539500,6524000000,6031675000,58554417200,
2024-09-11,Note,9-Year 11-Month,3.648,3.875000,2.64,,3.45,29607719900,5337000000,3988772000,39372679500,
2024-09-12,Bond,29-Year 11-Month,4.015,4.250000,2.38,,3.88,15089231400,3439700000,3440060800,22210237900,
2024-09-17,Bond,19-Year 11-Month,4.039,4.125000,2.51,,2.88,8431829000,2109000000,2412422800,13268394200,
2024-09-24,Note,2-Year,3.52,3.500000,2.59,,3.4,46150401400,13393939700,8735885000,70424647300,
2024-09-25,Note,5-Year,3.519,3.500000,2.38,,3.408,49072700000,12723837700,7997870000,71445154300,
2024-09-26,Note,7-Year,3.668,3.625000,2.63,,3.5,31039905000,8880300000,3921320000,44908314000,
2024-10-08,Note,3-Year,3.878,3.875000,2.45,,3.7,32869545700,13852695000,11080102500,58796091400,
2024-10-09,Note,9-Year 10-Month,4.066,3.875000,2.48,,2.88,30221954500,3285500000,5421000000,39535267300,
2024-10-10,Bond,29-Year 10-Month,4.389,4.250000,2.5,,2.88,17683030000,1619100000,2671673500,22301948200,
2024-10-23,Bond,19-Year 10-Month,4.59,4.125000,2.59,,3.88,8779095000,2282000000,1873296000,13219300000,
2024-10-28,Note,5-Year,4.138,4.125000,2.39,,4.0,53333384000,6617000000,9899215000,71180811500,
2024-10-28,Note,2-Year,4.13,4.125000,2.5,,4.0,39872239000,16322000000,12274385000,70164113400,
2024-10-29,Note,7-Year,4.215,4.125000,2.74,,4.1,31608374800,9036867500,3279000000,44742219600,
2024-11-04,Note,3-Year,4.152,4.125000,2.6,,4.0,40805641500,5561000000,11412250000,72095620100,
2024-11-05,Note,10-Year,4.347,4.250000,2.58,,4.2,25785580000,9879001300,6157382000,52207159000,
2024-11-06,Bond,30-Year,4.608,4.500000,2.64,,4.5,15648976000,6756644800,2540000000,31075745000,
2024-11-20,Bond,20-Year,4.68,4.625000,2.34,,4.546,11043114000,1259057500,3594548000,17088318100,
2024-11-25,Note,2-Year,4.274,4.250000,2.77,,4.18,48906242700,13089750000,6283000000,73693402000,
2024-11-26,Note,5-Year,4.197,4.125000,2.43,,4.04,44758601000,17159250000,7886587500,74761379400,
2024-11-27,Note,7-Year,4.183,4.125000,2.71,,3.88,28130460000,11386300000,4383695000,46992807400,
2024-12-10,Note,3-Year,4.117,4.000000,2.58,,4.0,36935370000,11919000000,8697800000,58415483800,
2024-12-11,Note,9-Year 11-Month,4.235,4.250000,2.7,,4.08,27245240900,7591500000,4091907500,39279340000,
2024-12-12,Bond,29-Year 11-Month,4.535,4.500000,2.39,,4.0,14618640000,4196900000,3158760000,22157590100,
2024-12-17,Bond,19-Year 11-Month,4.686,4.625000,2.5,,2.88,8006770000,2602000000,2313640000,13127872900,
2024-12-23,Note,2-Year,4.335,4.250000,2.73,,4.0,56132947500,4546317900,7702120000,69678721900,
2024-12-24,Note,5-Year,4.478,4.375000,2.4,,4.3,46916098500,14125500000,8696335000,70688599900,
2024-12-26,Note,7-Year,4.532,4.500000,2.76,,2.888,38569609500,1251151800,4069400000,44433012100,
2025-01-06,Note,3-Year,4.332,4.250000,2.62,,4.2,35213492500,11358000000,11178155000,70744832300,
2025-01-07,Note,9-Year 10-Month,4.68,4.250000,2.53,,4.533,23867074400,8931395000,6081224800,47569806200,
2025-01-08,Bond,29-Year 10-Month,4.913,4.500000,2.52,,4.8,14636231600,4549750000,2780512000,26834248000,
2025-01-22,Bond,19-Year 10-Month,4.9,4.625000,2.75,,3.88,8964044000,2589724000,1340740000,13721915600,
2025-01-27,Note,5-Year,4.33,4.250000,2.4,,4.24,43713023700,18161665000,7738856500,73887058300,
2025-01-27,Note,2-Year,4.211,4.125000,2.66,,4.09,44277660000,14483500000,9333500000,72831587300,
2025-01-28,Note,7-Year,4.457,4.375000,2.64,,4.27,29392776800,10105700000,4319098400,46443305300,
2025-02-11,Note,3-Year,4.3,4.250000,2.79,,4.195,42561086800,9097500000,5855950000,73933406800,
2025-02-12,Note,10-Year,4.632,4.625000,2.48,,4.517,29885601300,5687000000,6198055000,53537960700,
2025-02-13,Bond,30-Year,4.748,4.625000,2.33,,4.63,16241317000,4636400000,4078779300,31867850600,
2025-02-19,Bond,20-Year,4.83,4.750000,2.43,,4.7,10010448000,3100000000,2782530000,17612690100,
2025-02-24,Note,2-Year,4.169,4.125000,2.56,,4.07,58509165000,5229432200,4700825000,75954692700,
2025-02-25,Note,5-Year,4.123,4.000000,2.42,,4.02,52255713000,10151800000,7390090000,77055354600,
2025-02-26,Note,7-Year,4.194,4.125000,2.64,,4.0,29009458500,11049500000,3856458000,48434776000,
2025-03-11,Note,3-Year,3.908,3.875000,2.7,,3.67,36161120500,15036243100,6630799500,58983121300,
2025-03-12,Note,9-Year 11-Month,4.31,4.625000,2.59,,4.2,26232149600,7590682000,5089809000,39661161700,
2025-03-13,Bond,29-Year 11-Month,4.623,4.625000,2.37,,4.51,13275686000,4974800000,3709140000,22372924000,
2025-03-18,Bond,19-Year 11-Month,4.632,4.750000,2.78,,3.88,8894788000,2888464300,1138000000,13383978900,
2025-03-25,Note,2-Year,3.984,3.875000,2.66,,3.88,51890250000,9301395300,7293000000,71038027300,
2025-03-26,Note,5-Year,4.1,4.000000,2.33,,3.98,52908549000,7652000000,9204516500,72067530900,
2025-03-27,Note,7-Year,4.233,4.125000,2.53,,4.1,26877452200,11476200000,5564015000,45299601700,
2025-04-08,Note,3-Year,3.784,3.750000,2.47,,3.64,42204940000,3606100000,11979447000,67680795200,
2025-04-09,Note,9-Year 10-Month,4.435,4.625000,2.67,,2.88,34194897500,546000000,4162929500,45509509700,
2025-04-10,Bond,29-Year 10-Month,4.813,4.625000,2.43,,3.88,13590553000,5671321700,2700788000,25672036400,
2025-04-16,Bond,19-Year 10-Month,4.81,4.750000,2.63,,3.88,9106734000,1587646500,2189235000,13890238900,
2025-04-22,Note,2-Year,3.795,3.750000,2.52,,2.88,38561700000,20646000000,9431826300,73725067300,
2025-04-23,Note,5-Year,3.995,3.875000,2.41,,3.8,44753632000,17362633800,7768076000,74793623100,
2025-04-24,Note,7-Year,4.123,4.000000,2.55,,3.88,26049613000,11173500000,6706000000,47013098600,
2025-05-05,Note,3-Year,3.824,3.750000,2.56,,3.69,36008840000,13688000000,8037448000,78473611500,
2025-05-06,Note,10-Year,4.342,4.250000,2.6,,4.2,29794965000,8321500000,3736150000,56825711900,
2025-05-08,Bond,30-Year,4.819,4.750000,2.31,,4.677,14669592500,6778900000,3467657500,33824847300,
2025-05-21,Bond,20-Year,5.047,5.000000,2.46,,4.9,10894000100,2221300000,2669255000,18190439100,
2025-05-27,Note,2-Year,3.955,3.875000,2.57,,3.85,43508755000,17986500000,7196928000,78446209700,
2025-05-28,Note,5-Year,4.071,4.000000,2.39,,3.94,54765969000,8660750000,6453820000,79583112500,
2025-05-29,Note,7-Year,4.194,4.125000,2.69,,4.0,31350156700,10360571300,2123837500,50023709000,
2025-06-10,Note,3-Year,3.972,3.875000,2.52,,3.87,38635435000,10430000000,8786719000,59043067400,
2025-06-11,Note,9-Year 11-Month,4.421,4.250000,2.52,,4.32,27429054000,7962750000,3483480000,39701375700,
2025-06-12,Bond,29-Year 11-Month,4.844,4.750000,2.43,,4.7,14313193000,5145200000,2507004000,22395657700,
2025-06-16,Bond,19-Year 11-Month,4.942,5.000000,2.68,,3.88,8618112000,2567500000,1727004400,14293677600,
2025-06-24,Note,2-Year,3.786,3.750000,2.58,,3.6,41561495000,18085000000,9048450000,75866447200,
2025-06-25,Note,5-Year,3.879,3.875000,2.36,,3.7,45211732000,17080558400,7608640000,76966020900,
2025-06-26,Note,7-Year,4.022,4.000000,2.53,,3.9,33716042000,5104800000,5115112500,48378592200,
2025-07-08,Note,3-Year,3.891,3.875000,2.51,,3.7,31302095000,16992784000,9549700000,64862776900,
2025-07-09,Note,9-Year 10-Month,4.362,4.250000,2.61,,4.2,25447656000,9220455100,4229690000,43614645500,
2025-07-10,Bond,29-Year 10-Month,4.889,4.750000,2.38,,3.88,13137015000,6019900000,2816850000,24603117400,
2025-07-23,Bond,19-Year 10-Month,4.935,5.000000,2.79,,3.88,8683210000,2814500000,1379975000,13885258600,
2025-07-28,Note,5-Year,3.983,3.875000,2.31,,3.8,40723216400,20611000000,8544536000,74766753000,
2025-07-28,Note,2-Year,3.92,3.875000,2.62,,3.8,37866200000,23524063000,7048617500,73698811200,
2025-07-29,Note,7-Year,4.092,4.000000,2.79,,3.88,27343247200,14789730500,1784000000,46996686100,
2025-08-05,Note,3-Year,3.669,3.625000,2.53,,3.46,31228990000,16275135000,10342600000,77683702500,
2025-08-06,Note,10-Year,4.255,4.250000,2.35,,4.12,26884766000,8210000000,6762778000,56253817500,
2025-08-07,Bond,30-Year,4.813,4.750000,2.27,,4.64,14856087000,5747800000,4356975000,33484349300,
2025-08-20,Bond,20-Year,4.876,4.875000,2.54,,2.888,9605842000,4193000000,2040878000,17931045300,
2025-08-26,Note,2-Year,3.641,3.625000,2.69,,3.5,39032454200,22673100000,6659350000,77327624900,
2025-08-27,Note,5-Year,3.724,3.625000,2.36,,3.6,42264749000,21480101000,6139000000,78448346900,
2025-08-28,Note,7-Year,3.925,3.875000,2.49,,2.88,34002535000,5604550000,4297200000,49310372900,
2025-09-09,Note,3-Year,3.485,3.375000,2.73,,2.88,42895327400,10047772800,4835680000,58000146200,
2025-09-10,Note,9-Year 11-Month,4.033,4.250000,2.65,,3.9,32322912000,4920500000,1638000000,39000024500,
2025-09-11,Bond,29-Year 11-Month,4.651,4.750000,2.38,,2.88,13619698000,6150500000,2185951000,22000000200,
2025-09-16,Bond,19-Year 11-Month,4.613,4.875000,2.74,,2.88,8323068000,3592431200,976440000,13717873000,
2025-09-23,Note,2-Year,3.571,3.500000,2.51,,3.4,39661255000,21131182300,7889380000,72810112800,
2025-09-24,Note,5-Year,3.71,3.625000,2.34,,3.6,41534274000,20016676800,8347846400,73865290100,
2025-09-25,Note,7-Year,3.953,3.875000,2.4,,3.8,24791596000,13877103400,5275000000,46429614600,
2025-10-07,Note,3-Year,3.576,3.500000,2.66,,3.418,36265910000,15372614400,6203000000,59076806400,
2025-10-08,Note,9-Year 10-Month,4.117,4.250000,2.48,,4.01,26001456000,9381000000,3539221000,39723990300,
2025-10-09,Bond,29-Year 10-Month,4.734,4.750000,2.38,,3.88,14156320500,5898400000,1901737000,22408408700,
2025-10-22,Bond,19-Year 10-Month,4.506,4.875000,2.73,,3.88,8230074000,3405962100,1298000000,13746497600,
2025-10-27,Note,2-Year,3.504,3.500000,2.59,,3.4,36736364000,23809000000,7928260000,72962136800,
2025-10-27,Note,5-Year,3.625,3.625000,2.38,,3.52,46720036000,16701250000,6480750000,74019650700,
2025-10-28,Note,7-Year,3.79,3.750000,2.46,,3.63,25937729700,12239397000,5777731000,46526609100,
2025-11-10,Note,3-Year,3.579,3.500000,2.85,,3.48,36356991600,15775500000,5611000000,67033709400,
2025-11-12,Note,10-Year,4.074,4.000000,2.43,,3.96,28043344200,9439000000,4374668000,48541627100,
2025-11-13,Bond,30-Year,4.694,4.625000,2.29,,4.57,17709038000,3617560000,3619824000,28893800900,
2025-11-19,Bond,20-Year,4.706,4.625000,2.41,,2.88,9456618000,4634500000,1809987500,17829634000,
2025-11-24,Note,2-Year,3.489,3.375000,2.68,,3.38,39903234500,21123896800,7684000000,76890422900,
2025-11-25,Note,5-Year,3.562,3.500000,2.41,,3.46,42822922000,19272500000,7704745000,78004683600,
2025-11-26,Note,7-Year,3.781,3.750000,2.46,,2.88,24893367900,13302179000,5744480000,49031521300,
2025-12-08,Note,3-Year,3.614,3.500000,2.64,,1.888,41540607500,10967232500,5211475000,58000067800,
2025-12-09,Note,9-Year 11-Month,4.175,4.000000,2.55,,4.07,27325201000,8153500000,3426225000,39000048600,
2025-12-11,Bond,29-Year 11-Month,4.773,4.625000,2.36,,3.88,14349158000,5148080000,2449552000,22000005100,
2025-12-17,Bond,19-Year 11-Month,4.798,4.625000,2.67,,3.88,8437250000,2878091100,1626790000,14385501500,
2025-12-22,Note,2-Year,3.499,3.375000,2.54,,3.38,36552477000,23393000000,8751400000,76353747100,
2025-12-23,Note,5-Year,3.747,3.625000,2.35,,3.6,41588608000,22119000000,6175462500,77460293000,
2025-12-24,Note,7-Year,3.93,3.875000,2.51,,3.78,25925060200,13886300000,4099602500,48689313800,
2026-01-12,Note,3-Year,3.609,3.500000,2.65,,3.5,32510795000,16971685800,8058080000,74882423700,
2026-01-12,Note,9-Year 10-Month,4.173,4.000000,2.55,,4.0,27109470300,9538500000,2276072500,50351940000,
2026-01-13,Bond,29-Year 10-Month,4.825,4.625000,2.42,,2.88,14668433900,4674100000,2625470000,28403689800,
2026-01-21,Bond,19-Year 10-Month,4.846,4.625000,2.86,,2.88,8382550800,3766176500,804311200,13916190200,
2026-01-26,Note,2-Year,3.58,3.500000,2.75,,3.49,44206733000,19407500000,5031125000,73862272800,
2026-01-27,Note,5-Year,3.823,3.750000,2.34,,3.71,42388836000,19887000000,7577216000,74932771600,
2026-01-29,Note,7-Year,4.018,4.000000,2.45,,3.85,29349585000,9742900000,4796250000,47100610800,
2026-02-10,Note,3-Year,3.518,3.500000,2.62,,2.6,32990720000,18425590400,6313424000,74434541200,
2026-02-11,Note,10-Year,4.177,4.125000,2.39,,4.06,27002133000,9236850000,5595700000,53900905800,
2026-02-12,Bond,30-Year,4.75,4.750000,2.66,,3.88,17458295000,6035250000,1468440000,32083920100,
2026-02-18,Bond,20-Year,4.664,4.625000,2.36,,2.888,8798149800,4344500000,2805684600,17916728200,
2026-02-24,Note,2-Year,3.455,3.375000,2.63,,2.88,38392172000,23538687900,6736514000,77265995400,
2026-02-25,Note,5-Year,3.615,3.500000,2.32,,3.5,43690590500,17266000000,8954072500,78385634900,
2026-02-26,Note,7-Year,3.79,3.750000,2.5,,3.63,27943712400,11431800000,4579240000,49270982800,
2026-03-10,Note,3-Year,3.579,3.500000,2.55,,3.4,34570625000,11934000000,11265540000,58014637500,
2026-03-11,Note,9-Year 11-Month,4.217,4.125000,2.45,,4.1,28981761700,4994894800,4950180000,39009856200,
2026-03-12,Bond,29-Year 11-Month,4.871,4.750000,2.45,,2.88,13931627000,5981890000,2056000000,22005667500,
2026-03-17,Bond,19-Year 11-Month,4.817,4.625000,2.76,,3.88,8965001600,2796816000,1198000000,14343301500,
2026-03-24,Note,2-Year,3.936,3.875000,2.44,,3.7,40624707500,11286000000,16503900000,76129743700,
2026-03-25,Note,5-Year,3.98,3.875000,2.29,,3.86,43236369000,15703000000,10906400000,77233097500,
2026-03-26,Note,7-Year,4.255,4.250000,2.43,,2.88,27458889000,10988400000,5445152000,48546497200,
2026-04-07,Note,3-Year,3.897,3.875000,2.68,,3.78,43249380000,6886496900,7677751000,68285499500,
2026-04-08,Note,9-Year 10-Month,4.282,4.125000,2.43,,4.12,25424801000,9295000000,4202167500,45916047400,
2026-04-09,Bond,29-Year 10-Month,4.876,4.750000,2.39,,1.888,14094190600,5324955200,2554092000,25901386200,
2026-04-22,Bond,19-Year 10-Month,4.883,4.625000,2.68,,3.88,8723508000,2961500000,1259140000,14636144300,
2026-04-27,Note,5-Year,3.955,3.875000,2.33,,3.84,50513063000,10499000000,8863489600,78810010600,
2026-04-27,Note,2-Year,3.812,3.750000,2.65,,2.88,38597840000,21626470100,8110420000,77684221100,
2026-04-28,Note,7-Year,4.175,4.125000,2.51,,2.88,25623768000,13177650000,5110463800,49537771700,
2026-05-11,Note,3-Year,3.965,3.875000,2.54,,3.8,36261950000,11600454500,9737000000,71771891400,
2026-05-12,Note,10-Year,4.468,4.375000,2.4,,4.34,26775518000,10078500000,5015000000,51972791100,
2026-05-13,Bond,30-Year,5.046,5.000000,2.3,,3.88,16609721600,5420900000,2907060000,30936165500,
2026-05-20,Bond,20-Year,5.122,5.000000,2.55,,3.88,10712317000,3631500000,1486006000,18360688200,
2026-05-26,Note,2-Year,4.071,4.000000,2.64,,3.9,39294023000,20557500000,8423268000,79180503700,
2026-05-27,Note,5-Year,4.182,4.125000,2.34,,4.07,52207838100,8609059400,8929565000,80328049000,
2026-05-28,Note,7-Year,4.29,4.250000,2.52,,2.88,34425897100,4916350000,4575690000,50491888800,
